Date (D);Time (T);Open (O);High (H);Low (L);Close (C);Volume (V)
26/11/2008;00:00;12.673884;12.673884;12.673884;12.673884;1
26/11/2008;00:03;12.673884;12.673884;12.673884;12.673884;2
26/11/2008;00:05;12.661495;12.661495;12.661495;12.661495;1
26/11/2008;00:06;12.649106;12.649106;12.649106;12.649106;1
26/11/2008;00:09;12.624328;12.624328;12.624328;12.624328;1
26/11/2008;00:11;12.630523;12.630523;12.611939;12.611939;5
26/11/2008;00:12;12.655301;12.673884;12.655301;12.673884;5
26/11/2008;00:13;12.680079;12.698662;12.680079;12.698662;4
26/11/2008;00:22;12.66769;12.66769;12.66769;12.66769;5
26/11/2008;00:23;12.686273;12.686273;12.686273;12.686273;1
26/11/2008;00:28;12.673884;12.673884;12.673884;12.673884;1
26/11/2008;00:33;12.673884;12.673884;12.673884;12.673884;1
26/11/2008;00:43;12.673884;12.673884;12.673884;12.673884;4
26/11/2008;00:52;12.649106;12.649106;12.642912;12.642912;3
26/11/2008;00:53;12.636717;12.636717;12.636717;12.636717;2
26/11/2008;01:01;12.655301;12.655301;12.655301;12.655301;3
26/11/2008;01:05;12.655301;12.655301;12.655301;12.655301;1
26/11/2008;01:06;12.642912;12.642912;12.642912;12.642912;1
26/11/2008;01:24;12.649106;12.649106;12.642912;12.642912;5
26/11/2008;01:25;12.642912;12.642912;12.642912;12.642912;1
26/11/2008;01:27;12.66769;12.66769;12.66769;12.66769;5
26/11/2008;01:30;12.642912;12.642912;12.642912;12.642912;5
26/11/2008;01:39;12.655301;12.655301;12.655301;12.655301;1
26/11/2008;01:51;12.649106;12.649106;12.649106;12.649106;1
26/11/2008;01:52;12.649106;12.649106;12.649106;12.649106;2
26/11/2008;01:53;12.649106;12.649106;12.649106;12.649106;3
26/11/2008;01:54;12.642912;12.642912;12.630523;12.630523;2
26/11/2008;01:55;12.624328;12.624328;12.611939;12.611939;2
26/11/2008;01:56;12.611939;12.642912;12.611939;12.642912;8
26/11/2008;02:00;12.649106;12.655301;12.649106;12.655301;7
26/11/2008;02:02;12.66769;12.66769;12.66769;12.66769;1
26/11/2008;02:03;12.661495;12.661495;12.661495;12.661495;1
26/11/2008;02:04;12.630523;12.630523;12.630523;12.630523;1
26/11/2008;02:06;12.642912;12.642912;12.642912;12.642912;1
26/11/2008;02:09;12.630523;12.630523;12.618134;12.624328;7
26/11/2008;02:10;12.611939;12.611939;12.611939;12.611939;4
26/11/2008;02:11;12.605745;12.605745;12.593356;12.593356;4
26/11/2008;02:14;12.624328;12.624328;12.624328;12.624328;13
26/11/2008;02:25;12.624328;12.642912;12.624328;12.642912;3
26/11/2008;02:27;12.642912;12.649106;12.642912;12.649106;3
26/11/2008;02:28;12.649106;12.649106;12.649106;12.649106;1
26/11/2008;02:29;12.636717;12.636717;12.636717;12.636717;2
26/11/2008;02:30;12.636717;12.636717;12.636717;12.636717;1
26/11/2008;02:32;12.636717;12.636717;12.636717;12.636717;1
26/11/2008;02:35;12.605745;12.605745;12.605745;12.605745;1
26/11/2008;02:38;12.59955;12.611939;12.574773;12.574773;20
26/11/2008;02:44;12.611939;12.636717;12.611939;12.630523;45
26/11/2008;02:47;12.636717;12.636717;12.618134;12.618134;3
26/11/2008;02:49;12.636717;12.649106;12.636717;12.649106;13
26/11/2008;02:50;12.661495;12.673884;12.661495;12.673884;7
26/11/2008;02:51;12.680079;12.686273;12.680079;12.686273;4
26/11/2008;02:52;12.686273;12.686273;12.686273;12.686273;1
26/11/2008;02:55;12.661495;12.661495;12.661495;12.661495;1
26/11/2008;02:57;12.686273;12.686273;12.686273;12.686273;2
26/11/2008;02:58;12.680079;12.680079;12.680079;12.680079;3
26/11/2008;02:59;12.680079;12.680079;12.680079;12.680079;1
26/11/2008;03:00;12.673884;12.673884;12.673884;12.673884;1
26/11/2008;03:01;12.686273;12.686273;12.686273;12.686273;1
26/11/2008;03:02;12.704856;12.72344;12.704856;12.72344;4
26/11/2008;03:03;12.729634;12.772996;12.729634;12.772996;21
26/11/2008;03:04;12.754412;12.791579;12.754412;12.791579;9
26/11/2008;03:05;12.760607;12.760607;12.748218;12.748218;5
26/11/2008;03:06;12.72344;12.729634;12.711051;12.729634;7
26/11/2008;03:10;12.729634;12.729634;12.729634;12.729634;1
26/11/2008;03:11;12.72344;12.735829;12.72344;12.735829;3
26/11/2008;03:12;12.735829;12.735829;12.735829;12.735829;19
26/11/2008;03:14;12.742023;12.742023;12.742023;12.742023;1
26/11/2008;03:19;12.735829;12.735829;12.735829;12.735829;1
26/11/2008;03:21;12.735829;12.735829;12.735829;12.735829;1
26/11/2008;03:23;12.754412;12.77919;12.754412;12.772996;8
26/11/2008;03:24;12.760607;12.77919;12.754412;12.77919;5
26/11/2008;03:26;12.797773;12.822551;12.797773;12.822551;9
26/11/2008;03:28;12.816357;12.841135;12.816357;12.841135;22
26/11/2008;03:29;12.841135;12.859718;12.841135;12.859718;9
26/11/2008;03:32;12.816357;12.816357;12.816357;12.816357;8
26/11/2008;03:34;12.822551;12.822551;12.822551;12.822551;2
26/11/2008;03:35;12.822551;12.847329;12.810162;12.810162;4
26/11/2008;03:36;12.810162;12.810162;12.810162;12.810162;1
26/11/2008;03:37;12.810162;12.810162;12.810162;12.810162;1
26/11/2008;03:38;12.797773;12.816357;12.797773;12.810162;37
26/11/2008;03:39;12.816357;12.816357;12.816357;12.816357;22
26/11/2008;03:43;12.803968;12.803968;12.803968;12.803968;5
26/11/2008;03:44;12.803968;12.803968;12.803968;12.803968;1
26/11/2008;03:45;12.797773;12.797773;12.797773;12.797773;1
26/11/2008;03:48;12.797773;12.797773;12.766801;12.766801;4
26/11/2008;03:49;12.77919;12.77919;12.77919;12.77919;3
26/11/2008;03:50;12.766801;12.766801;12.766801;12.766801;1
26/11/2008;03:51;12.791579;12.791579;12.791579;12.791579;2
26/11/2008;03:52;12.791579;12.791579;12.760607;12.760607;11
26/11/2008;03:53;12.754412;12.754412;12.742023;12.754412;4
26/11/2008;03:54;12.742023;12.742023;12.742023;12.742023;2
26/11/2008;03:55;12.735829;12.735829;12.698662;12.698662;14
26/11/2008;03:56;12.698662;12.698662;12.698662;12.698662;5
26/11/2008;04:03;12.704856;12.704856;12.698662;12.698662;12
26/11/2008;04:07;12.717245;12.717245;12.717245;12.717245;1
26/11/2008;04:10;12.735829;12.735829;12.735829;12.735829;1
26/11/2008;04:11;12.729634;12.729634;12.729634;12.729634;2
26/11/2008;04:12;12.742023;12.742023;12.704856;12.704856;4
26/11/2008;04:16;12.717245;12.717245;12.717245;12.717245;1
26/11/2008;04:17;12.717245;12.717245;12.717245;12.717245;3
26/11/2008;04:19;12.711051;12.735829;12.711051;12.735829;3
26/11/2008;04:20;12.735829;12.735829;12.729634;12.735829;3
26/11/2008;04:21;12.735829;12.735829;12.735829;12.735829;1
26/11/2008;04:22;12.735829;12.735829;12.735829;12.735829;4
26/11/2008;04:23;12.735829;12.735829;12.735829;12.735829;1
26/11/2008;04:29;12.742023;12.742023;12.742023;12.742023;1
26/11/2008;04:30;12.754412;12.754412;12.754412;12.754412;1
26/11/2008;04:31;12.760607;12.760607;12.760607;12.760607;2
26/11/2008;04:32;12.760607;12.760607;12.760607;12.760607;2
26/11/2008;04:35;12.760607;12.766801;12.760607;12.766801;7
26/11/2008;04:36;12.760607;12.760607;12.760607;12.760607;1
26/11/2008;04:37;12.748218;12.748218;12.748218;12.748218;2
26/11/2008;04:39;12.748218;12.748218;12.748218;12.748218;2
26/11/2008;04:42;12.735829;12.735829;12.735829;12.735829;5
26/11/2008;04:43;12.735829;12.735829;12.735829;12.735829;2
26/11/2008;04:44;12.735829;12.735829;12.735829;12.735829;2
26/11/2008;04:48;12.748218;12.748218;12.748218;12.748218;1
26/11/2008;04:49;12.748218;12.760607;12.748218;12.760607;3
26/11/2008;04:52;12.760607;12.760607;12.754412;12.760607;6
26/11/2008;04:53;12.754412;12.760607;12.754412;12.760607;2
26/11/2008;04:57;12.748218;12.748218;12.748218;12.748218;1
26/11/2008;05:01;12.754412;12.760607;12.754412;12.760607;11
26/11/2008;05:02;12.772996;12.772996;12.766801;12.766801;3
26/11/2008;05:03;12.766801;12.766801;12.766801;12.766801;1
26/11/2008;05:04;12.77919;12.77919;12.77919;12.77919;1
26/11/2008;05:06;12.766801;12.766801;12.766801;12.766801;1
26/11/2008;05:07;12.760607;12.760607;12.760607;12.760607;1
26/11/2008;05:11;12.766801;12.772996;12.766801;12.772996;2
26/11/2008;05:13;12.772996;12.772996;12.772996;12.772996;6
26/11/2008;05:14;12.760607;12.760607;12.760607;12.760607;1
26/11/2008;05:15;12.766801;12.766801;12.766801;12.766801;4
26/11/2008;05:23;12.760607;12.760607;12.760607;12.760607;2
26/11/2008;05:24;12.754412;12.754412;12.754412;12.754412;5
26/11/2008;05:28;12.760607;12.760607;12.760607;12.760607;1
26/11/2008;05:34;12.760607;12.760607;12.748218;12.748218;3
26/11/2008;05:35;12.760607;12.760607;12.760607;12.760607;2
26/11/2008;05:36;12.760607;12.760607;12.760607;12.760607;2
26/11/2008;05:38;12.754412;12.760607;12.754412;12.760607;11
26/11/2008;05:41;12.772996;12.772996;12.772996;12.772996;1
26/11/2008;05:47;12.772996;12.772996;12.772996;12.772996;10
26/11/2008;05:49;12.772996;12.772996;12.772996;12.772996;2
26/11/2008;05:50;12.772996;12.772996;12.772996;12.772996;1
26/11/2008;05:51;12.760607;12.760607;12.754412;12.754412;4
26/11/2008;05:55;12.748218;12.748218;12.748218;12.748218;1
26/11/2008;05:56;12.742023;12.742023;12.742023;12.742023;1
26/11/2008;05:57;12.760607;12.760607;12.760607;12.760607;1
26/11/2008;05:59;12.748218;12.748218;12.742023;12.742023;2
26/11/2008;06:01;12.735829;12.735829;12.735829;12.735829;2
26/11/2008;06:02;12.729634;12.729634;12.729634;12.729634;1
26/11/2008;06:03;12.729634;12.729634;12.729634;12.729634;10
26/11/2008;06:04;12.729634;12.729634;12.72344;12.72344;2
26/11/2008;06:05;12.72344;12.72344;12.717245;12.72344;7
26/11/2008;06:06;12.72344;12.72344;12.72344;12.72344;2
26/11/2008;06:07;12.729634;12.729634;12.711051;12.711051;14
26/11/2008;06:08;12.711051;12.711051;12.711051;12.711051;1
26/11/2008;06:11;12.72344;12.72344;12.72344;12.72344;1
26/11/2008;06:12;12.717245;12.717245;12.717245;12.717245;1
26/11/2008;06:14;12.704856;12.704856;12.704856;12.704856;1
26/11/2008;06:16;12.704856;12.704856;12.704856;12.704856;1
26/11/2008;06:18;12.704856;12.704856;12.704856;12.704856;1
26/11/2008;06:20;12.72344;12.748218;12.72344;12.729634;9
26/11/2008;06:21;12.72344;12.72344;12.72344;12.72344;1
26/11/2008;06:24;12.735829;12.742023;12.735829;12.742023;2
26/11/2008;06:26;12.742023;12.742023;12.742023;12.742023;1
26/11/2008;06:28;12.742023;12.748218;12.742023;12.742023;9
26/11/2008;06:29;12.742023;12.742023;12.742023;12.742023;1
26/11/2008;06:30;12.748218;12.748218;12.748218;12.748218;1
26/11/2008;06:31;12.735829;12.735829;12.735829;12.735829;5
26/11/2008;06:32;12.748218;12.748218;12.748218;12.748218;31
26/11/2008;06:34;12.748218;12.748218;12.748218;12.748218;1
26/11/2008;06:36;12.729634;12.729634;12.729634;12.729634;1
26/11/2008;06:37;12.717245;12.72344;12.711051;12.711051;16
26/11/2008;06:38;12.711051;12.711051;12.673884;12.673884;15
26/11/2008;06:39;12.692467;12.692467;12.673884;12.692467;4
26/11/2008;06:40;12.704856;12.717245;12.704856;12.717245;3
26/11/2008;06:41;12.72344;12.72344;12.72344;12.72344;2
26/11/2008;06:42;12.704856;12.704856;12.704856;12.704856;1
26/11/2008;06:45;12.680079;12.680079;12.680079;12.680079;1
26/11/2008;06:46;12.680079;12.680079;12.680079;12.680079;1
26/11/2008;06:47;12.66769;12.66769;12.66769;12.66769;2
26/11/2008;06:49;12.686273;12.692467;12.686273;12.692467;2
26/11/2008;06:50;12.686273;12.686273;12.686273;12.686273;2
26/11/2008;06:52;12.692467;12.698662;12.692467;12.698662;4
26/11/2008;06:53;12.711051;12.711051;12.711051;12.711051;1
26/11/2008;06:54;12.704856;12.704856;12.704856;12.704856;2
26/11/2008;06:55;12.698662;12.698662;12.698662;12.698662;6
26/11/2008;06:56;12.698662;12.698662;12.698662;12.698662;2
26/11/2008;06:57;12.673884;12.72344;12.673884;12.72344;7
26/11/2008;06:58;12.711051;12.717245;12.711051;12.711051;5
26/11/2008;07:00;12.661495;12.661495;12.655301;12.655301;7
26/11/2008;07:01;12.673884;12.680079;12.673884;12.680079;2
26/11/2008;07:02;12.692467;12.692467;12.692467;12.692467;1
26/11/2008;07:04;12.692467;12.692467;12.692467;12.692467;1
26/11/2008;07:05;12.698662;12.704856;12.680079;12.698662;8
26/11/2008;07:06;12.698662;12.698662;12.698662;12.698662;1
26/11/2008;07:07;12.704856;12.704856;12.704856;12.704856;1
26/11/2008;07:08;12.711051;12.711051;12.711051;12.711051;1
26/11/2008;07:10;12.698662;12.698662;12.698662;12.698662;2
26/11/2008;07:11;12.698662;12.698662;12.698662;12.698662;3
26/11/2008;07:12;12.698662;12.698662;12.673884;12.673884;11
26/11/2008;07:13;12.686273;12.692467;12.686273;12.692467;3
26/11/2008;07:14;12.692467;12.698662;12.680079;12.680079;8
26/11/2008;07:15;12.661495;12.661495;12.661495;12.661495;1
26/11/2008;07:16;12.673884;12.673884;12.673884;12.673884;1
26/11/2008;07:17;12.673884;12.673884;12.673884;12.673884;1
26/11/2008;07:19;12.692467;12.698662;12.692467;12.698662;4
26/11/2008;07:20;12.692467;12.698662;12.630523;12.673884;82
26/11/2008;07:21;12.673884;12.680079;12.661495;12.680079;15
26/11/2008;07:22;12.686273;12.729634;12.686273;12.729634;21
26/11/2008;07:23;12.735829;12.735829;12.704856;12.717245;27
26/11/2008;07:24;12.704856;12.717245;12.698662;12.717245;10
26/11/2008;07:25;12.704856;12.729634;12.673884;12.729634;37
26/11/2008;07:26;12.72344;12.729634;12.698662;12.698662;8
26/11/2008;07:27;12.698662;12.72344;12.698662;12.717245;46
26/11/2008;07:28;12.72344;12.742023;12.717245;12.742023;47
26/11/2008;07:29;12.748218;12.766801;12.748218;12.760607;45
26/11/2008;07:30;12.754412;12.760607;12.729634;12.760607;82
26/11/2008;07:31;12.760607;12.791579;12.760607;12.785385;42
26/11/2008;07:32;12.785385;12.865913;12.772996;12.853524;84
26/11/2008;07:33;12.865913;12.878302;12.841135;12.841135;103
26/11/2008;07:34;12.847329;12.872107;12.822551;12.872107;68
26/11/2008;07:35;12.853524;12.853524;12.816357;12.83494;60
26/11/2008;07:36;12.828746;12.847329;12.822551;12.847329;36
26/11/2008;07:37;12.847329;12.859718;12.841135;12.841135;22
26/11/2008;07:38;12.847329;12.853524;12.828746;12.828746;8
26/11/2008;07:39;12.822551;12.83494;12.816357;12.83494;10
26/11/2008;07:40;12.841135;12.841135;12.828746;12.83494;11
26/11/2008;07:42;12.853524;12.859718;12.853524;12.859718;14
26/11/2008;07:43;12.865913;12.872107;12.847329;12.853524;16
26/11/2008;07:44;12.865913;12.927857;12.865913;12.909274;74
26/11/2008;07:45;12.903079;12.940246;12.884496;12.940246;27
26/11/2008;07:46;12.927857;12.940246;12.915468;12.934052;15
26/11/2008;07:47;12.921663;12.952635;12.896885;12.896885;13
26/11/2008;07:48;12.896885;12.896885;12.884496;12.884496;20
26/11/2008;07:49;12.903079;12.927857;12.896885;12.921663;16
26/11/2008;07:50;12.915468;12.927857;12.909274;12.921663;20
26/11/2008;07:51;12.915468;12.915468;12.903079;12.903079;9
26/11/2008;07:52;12.903079;12.909274;12.896885;12.909274;14
26/11/2008;07:53;12.896885;12.903079;12.884496;12.884496;19
26/11/2008;07:54;12.884496;12.896885;12.872107;12.884496;13
26/11/2008;07:55;12.903079;12.927857;12.896885;12.909274;36
26/11/2008;07:56;12.909274;12.909274;12.884496;12.909274;18
26/11/2008;07:57;12.896885;12.896885;12.896885;12.896885;4
26/11/2008;07:58;12.884496;12.89069;12.884496;12.884496;8
26/11/2008;07:59;12.89069;12.896885;12.89069;12.89069;19
26/11/2008;08:00;12.903079;12.921663;12.896885;12.915468;33
26/11/2008;08:01;12.909274;12.921663;12.903079;12.903079;17
26/11/2008;08:02;12.915468;12.921663;12.903079;12.903079;5
26/11/2008;08:03;12.915468;12.934052;12.915468;12.934052;18
26/11/2008;08:04;12.934052;12.952635;12.915468;12.915468;27
26/11/2008;08:05;12.927857;12.952635;12.927857;12.952635;13
26/11/2008;08:06;12.946441;12.952635;12.909274;12.909274;21
26/11/2008;08:07;12.909274;12.915468;12.896885;12.896885;11
26/11/2008;08:08;12.896885;12.896885;12.859718;12.872107;33
26/11/2008;08:09;12.872107;12.909274;12.872107;12.909274;16
26/11/2008;08:10;12.903079;12.909274;12.903079;12.909274;3
26/11/2008;08:11;12.903079;12.903079;12.884496;12.896885;19
26/11/2008;08:12;12.896885;12.896885;12.884496;12.884496;14
26/11/2008;08:13;12.884496;12.903079;12.884496;12.903079;16
26/11/2008;08:14;12.878302;12.878302;12.841135;12.841135;19
26/11/2008;08:15;12.841135;12.865913;12.841135;12.865913;6
26/11/2008;08:16;12.859718;12.859718;12.841135;12.841135;6
26/11/2008;08:17;12.83494;12.847329;12.810162;12.841135;93
26/11/2008;08:18;12.847329;12.847329;12.816357;12.816357;17
26/11/2008;08:19;12.810162;12.822551;12.810162;12.822551;7
26/11/2008;08:20;12.828746;12.847329;12.822551;12.822551;27
26/11/2008;08:21;12.816357;12.828746;12.816357;12.822551;22
26/11/2008;08:22;12.816357;12.816357;12.785385;12.785385;20
26/11/2008;08:23;12.77919;12.797773;12.760607;12.760607;57
26/11/2008;08:24;12.760607;12.772996;12.760607;12.772996;48
26/11/2008;08:25;12.77919;12.77919;12.760607;12.772996;29
26/11/2008;08:26;12.785385;12.810162;12.772996;12.772996;33
26/11/2008;08:27;12.772996;12.797773;12.772996;12.797773;22
26/11/2008;08:28;12.816357;12.822551;12.816357;12.822551;3
26/11/2008;08:29;12.822551;12.83494;12.822551;12.83494;11
26/11/2008;08:30;12.841135;12.841135;12.83494;12.83494;2
26/11/2008;08:31;12.822551;12.822551;12.822551;12.822551;7
26/11/2008;08:32;12.822551;12.822551;12.810162;12.810162;21
26/11/2008;08:33;12.791579;12.828746;12.791579;12.828746;11
26/11/2008;08:34;12.816357;12.816357;12.791579;12.816357;14
26/11/2008;08:35;12.822551;12.828746;12.822551;12.822551;5
26/11/2008;08:36;12.83494;12.841135;12.822551;12.83494;12
26/11/2008;08:37;12.828746;12.828746;12.828746;12.828746;1
26/11/2008;08:38;12.828746;12.847329;12.828746;12.847329;5
26/11/2008;08:39;12.83494;12.83494;12.822551;12.822551;4
26/11/2008;08:40;12.816357;12.816357;12.816357;12.816357;5
26/11/2008;08:41;12.816357;12.822551;12.785385;12.785385;15
26/11/2008;08:42;12.785385;12.797773;12.77919;12.791579;14
26/11/2008;08:43;12.77919;12.77919;12.760607;12.766801;18
26/11/2008;08:44;12.760607;12.766801;12.748218;12.760607;47
26/11/2008;08:45;12.760607;12.797773;12.754412;12.791579;23
26/11/2008;08:46;12.810162;12.810162;12.766801;12.772996;17
26/11/2008;08:47;12.77919;12.785385;12.772996;12.785385;10
26/11/2008;08:48;12.797773;12.828746;12.797773;12.822551;25
26/11/2008;08:49;12.816357;12.83494;12.816357;12.828746;25
26/11/2008;08:50;12.83494;12.884496;12.83494;12.872107;36
26/11/2008;08:51;12.872107;12.878302;12.847329;12.872107;13
26/11/2008;08:52;12.865913;12.896885;12.859718;12.896885;23
26/11/2008;08:53;12.896885;12.909274;12.89069;12.896885;17
26/11/2008;08:54;12.896885;12.896885;12.878302;12.878302;13
26/11/2008;08:55;12.878302;12.896885;12.878302;12.89069;7
26/11/2008;08:56;12.878302;12.921663;12.872107;12.903079;27
26/11/2008;08:57;12.915468;12.921663;12.915468;12.915468;15
26/11/2008;08:58;12.896885;12.896885;12.872107;12.878302;26
26/11/2008;08:59;12.878302;12.878302;12.872107;12.878302;7
26/11/2008;09:00;12.872107;12.872107;12.828746;12.828746;24
26/11/2008;09:01;12.822551;12.859718;12.822551;12.853524;14
26/11/2008;09:02;12.853524;12.853524;12.841135;12.841135;5
26/11/2008;09:03;12.847329;12.853524;12.83494;12.847329;16
26/11/2008;09:04;12.841135;12.841135;12.83494;12.841135;13
26/11/2008;09:05;12.83494;12.841135;12.828746;12.828746;6
26/11/2008;09:06;12.83494;12.83494;12.822551;12.828746;7
26/11/2008;09:07;12.822551;12.828746;12.822551;12.822551;14
26/11/2008;09:08;12.816357;12.822551;12.803968;12.822551;23
26/11/2008;09:09;12.810162;12.810162;12.797773;12.803968;18
26/11/2008;09:10;12.810162;12.810162;12.791579;12.803968;9
26/11/2008;09:11;12.810162;12.828746;12.810162;12.816357;11
26/11/2008;09:12;12.828746;12.828746;12.791579;12.791579;33
26/11/2008;09:13;12.797773;12.797773;12.77919;12.797773;22
26/11/2008;09:14;12.797773;12.810162;12.797773;12.797773;10
26/11/2008;09:15;12.791579;12.847329;12.791579;12.847329;33
26/11/2008;09:16;12.847329;12.847329;12.83494;12.841135;9
26/11/2008;09:17;12.847329;12.847329;12.816357;12.822551;10
26/11/2008;09:18;12.83494;12.872107;12.83494;12.872107;19
26/11/2008;09:19;12.859718;12.859718;12.859718;12.859718;4
26/11/2008;09:20;12.859718;12.872107;12.859718;12.872107;7
26/11/2008;09:21;12.872107;12.872107;12.847329;12.859718;12
26/11/2008;09:22;12.859718;12.859718;12.841135;12.841135;5
26/11/2008;09:23;12.859718;12.865913;12.859718;12.865913;11
26/11/2008;09:24;12.872107;12.89069;12.859718;12.859718;32
26/11/2008;09:25;12.89069;12.896885;12.878302;12.878302;21
26/11/2008;09:26;12.878302;12.884496;12.872107;12.884496;17
26/11/2008;09:27;12.884496;12.89069;12.878302;12.89069;37
26/11/2008;09:28;12.89069;12.89069;12.878302;12.878302;15
26/11/2008;09:29;12.884496;12.89069;12.872107;12.878302;7
26/11/2008;09:30;12.872107;12.872107;12.83494;12.83494;18
26/11/2008;09:31;12.83494;12.872107;12.828746;12.847329;30
26/11/2008;09:32;12.847329;12.859718;12.841135;12.841135;15
26/11/2008;09:33;12.828746;12.828746;12.810162;12.810162;19
26/11/2008;09:34;12.816357;12.816357;12.791579;12.791579;8
26/11/2008;09:35;12.791579;12.791579;12.766801;12.785385;50
26/11/2008;09:36;12.791579;12.816357;12.791579;12.797773;30
26/11/2008;09:37;12.785385;12.797773;12.72344;12.729634;75
26/11/2008;09:38;12.729634;12.785385;12.729634;12.785385;44
26/11/2008;09:39;12.772996;12.772996;12.735829;12.772996;34
26/11/2008;09:40;12.760607;12.760607;12.735829;12.754412;31
26/11/2008;09:41;12.754412;12.760607;12.735829;12.735829;40
26/11/2008;09:42;12.742023;12.748218;12.735829;12.735829;12
26/11/2008;09:43;12.735829;12.735829;12.698662;12.735829;55
26/11/2008;09:44;12.735829;12.760607;12.729634;12.760607;16
26/11/2008;09:45;12.754412;12.785385;12.754412;12.760607;53
26/11/2008;09:46;12.754412;12.772996;12.754412;12.772996;13
26/11/2008;09:47;12.77919;12.77919;12.760607;12.760607;4
26/11/2008;09:48;12.754412;12.760607;12.754412;12.760607;4
26/11/2008;09:49;12.760607;12.760607;12.742023;12.742023;11
26/11/2008;09:50;12.735829;12.760607;12.729634;12.748218;20
26/11/2008;09:51;12.742023;12.760607;12.735829;12.754412;19
26/11/2008;09:52;12.766801;12.816357;12.766801;12.810162;47
26/11/2008;09:53;12.785385;12.822551;12.785385;12.803968;33
26/11/2008;09:54;12.797773;12.816357;12.791579;12.791579;13
26/11/2008;09:55;12.797773;12.83494;12.797773;12.816357;58
26/11/2008;09:56;12.810162;12.816357;12.797773;12.816357;36
26/11/2008;09:57;12.803968;12.803968;12.785385;12.785385;19
26/11/2008;09:58;12.785385;12.791579;12.772996;12.785385;12
26/11/2008;09:59;12.77919;12.77919;12.748218;12.748218;13
26/11/2008;10:00;12.754412;12.754412;12.748218;12.754412;11
26/11/2008;10:01;12.772996;12.785385;12.729634;12.729634;24
26/11/2008;10:02;12.735829;12.748218;12.735829;12.748218;17
26/11/2008;10:03;12.754412;12.77919;12.754412;12.766801;20
26/11/2008;10:04;12.760607;12.760607;12.748218;12.754412;4
26/11/2008;10:05;12.748218;12.754412;12.729634;12.754412;15
26/11/2008;10:06;12.748218;12.754412;12.748218;12.754412;8
26/11/2008;10:07;12.748218;12.760607;12.748218;12.754412;11
26/11/2008;10:08;12.748218;12.748218;12.735829;12.735829;7
26/11/2008;10:09;12.735829;12.742023;12.72344;12.72344;14
26/11/2008;10:10;12.729634;12.748218;12.72344;12.748218;8
26/11/2008;10:11;12.742023;12.748218;12.72344;12.748218;17
26/11/2008;10:12;12.754412;12.760607;12.754412;12.760607;4
26/11/2008;10:13;12.754412;12.754412;12.729634;12.729634;18
26/11/2008;10:14;12.729634;12.742023;12.729634;12.735829;20
26/11/2008;10:15;12.735829;12.748218;12.735829;12.748218;13
26/11/2008;10:16;12.748218;12.748218;12.748218;12.748218;1
26/11/2008;10:17;12.742023;12.760607;12.742023;12.754412;12
26/11/2008;10:19;12.785385;12.803968;12.785385;12.803968;8
26/11/2008;10:20;12.797773;12.797773;12.785385;12.797773;8
26/11/2008;10:21;12.791579;12.791579;12.785385;12.785385;11
26/11/2008;10:22;12.791579;12.791579;12.791579;12.791579;2
26/11/2008;10:23;12.797773;12.797773;12.791579;12.791579;2
26/11/2008;10:24;12.785385;12.791579;12.785385;12.785385;3
26/11/2008;10:25;12.785385;12.785385;12.785385;12.785385;6
26/11/2008;10:26;12.785385;12.791579;12.760607;12.760607;22
26/11/2008;10:27;12.766801;12.766801;12.748218;12.748218;3
26/11/2008;10:29;12.766801;12.766801;12.748218;12.748218;7
26/11/2008;10:30;12.748218;12.754412;12.742023;12.748218;7
26/11/2008;10:31;12.748218;12.748218;12.748218;12.748218;3
26/11/2008;10:32;12.742023;12.742023;12.711051;12.711051;16
26/11/2008;10:33;12.711051;12.711051;12.704856;12.704856;6
26/11/2008;10:34;12.711051;12.711051;12.698662;12.698662;10
26/11/2008;10:35;12.692467;12.735829;12.692467;12.72344;17
26/11/2008;10:36;12.72344;12.72344;12.680079;12.698662;29
26/11/2008;10:37;12.673884;12.673884;12.661495;12.673884;13
26/11/2008;10:38;12.673884;12.673884;12.636717;12.636717;48
26/11/2008;10:39;12.636717;12.636717;12.593356;12.624328;36
26/11/2008;10:40;12.636717;12.649106;12.624328;12.624328;17
26/11/2008;10:41;12.630523;12.630523;12.611939;12.611939;27
26/11/2008;10:42;12.618134;12.642912;12.618134;12.624328;28
26/11/2008;10:43;12.624328;12.636717;12.624328;12.630523;6
26/11/2008;10:44;12.630523;12.636717;12.611939;12.636717;19
26/11/2008;10:45;12.624328;12.642912;12.611939;12.618134;13
26/11/2008;10:46;12.624328;12.649106;12.618134;12.649106;13
26/11/2008;10:47;12.655301;12.66769;12.636717;12.66769;32
26/11/2008;10:48;12.673884;12.686273;12.673884;12.680079;4
26/11/2008;10:49;12.692467;12.704856;12.692467;12.704856;8
26/11/2008;10:50;12.717245;12.72344;12.698662;12.698662;19
26/11/2008;10:51;12.698662;12.698662;12.692467;12.692467;9
26/11/2008;10:52;12.704856;12.704856;12.636717;12.686273;9
26/11/2008;10:53;12.692467;12.692467;12.642912;12.642912;24
26/11/2008;10:54;12.642912;12.673884;12.642912;12.673884;10
26/11/2008;10:55;12.661495;12.661495;12.655301;12.661495;7
26/11/2008;10:56;12.649106;12.649106;12.636717;12.636717;6
26/11/2008;10:57;12.649106;12.649106;12.649106;12.649106;1
26/11/2008;10:58;12.636717;12.673884;12.636717;12.673884;11
26/11/2008;10:59;12.649106;12.673884;12.649106;12.673884;3
26/11/2008;11:00;12.66769;12.66769;12.66769;12.66769;1
26/11/2008;11:01;12.66769;12.698662;12.66769;12.698662;13
26/11/2008;11:02;12.680079;12.680079;12.680079;12.680079;1
26/11/2008;11:04;12.673884;12.704856;12.673884;12.698662;7
26/11/2008;11:05;12.692467;12.692467;12.66769;12.673884;10
26/11/2008;11:06;12.661495;12.66769;12.649106;12.655301;14
26/11/2008;11:08;12.649106;12.649106;12.642912;12.642912;2
26/11/2008;11:09;12.649106;12.649106;12.649106;12.649106;6
26/11/2008;11:10;12.642912;12.642912;12.636717;12.636717;4
26/11/2008;11:11;12.636717;12.636717;12.636717;12.636717;8
26/11/2008;11:12;12.630523;12.630523;12.630523;12.630523;4
26/11/2008;11:13;12.636717;12.636717;12.636717;12.636717;4
26/11/2008;11:14;12.636717;12.636717;12.630523;12.630523;5
26/11/2008;11:15;12.636717;12.649106;12.636717;12.649106;19
26/11/2008;11:16;12.642912;12.655301;12.642912;12.655301;11
26/11/2008;11:17;12.673884;12.673884;12.673884;12.673884;2
26/11/2008;11:18;12.698662;12.704856;12.698662;12.704856;8
26/11/2008;11:19;12.704856;12.704856;12.704856;12.704856;3
26/11/2008;11:20;12.692467;12.698662;12.686273;12.698662;13
26/11/2008;11:21;12.711051;12.72344;12.704856;12.704856;23
26/11/2008;11:22;12.711051;12.717245;12.704856;12.717245;6
26/11/2008;11:23;12.711051;12.711051;12.711051;12.711051;2
26/11/2008;11:24;12.711051;12.717245;12.711051;12.717245;13
26/11/2008;11:25;12.711051;12.711051;12.711051;12.711051;1
26/11/2008;11:27;12.711051;12.742023;12.711051;12.742023;15
26/11/2008;11:28;12.72344;12.72344;12.711051;12.72344;11
26/11/2008;11:29;12.729634;12.729634;12.729634;12.729634;2
26/11/2008;11:30;12.729634;12.735829;12.729634;12.735829;2
26/11/2008;11:31;12.735829;12.742023;12.735829;12.742023;4
26/11/2008;11:32;12.742023;12.748218;12.735829;12.748218;6
26/11/2008;11:34;12.742023;12.754412;12.742023;12.754412;11
26/11/2008;11:35;12.748218;12.748218;12.735829;12.735829;6
26/11/2008;11:37;12.742023;12.742023;12.742023;12.742023;3
26/11/2008;11:39;12.717245;12.72344;12.717245;12.72344;3
26/11/2008;11:41;12.72344;12.72344;12.72344;12.72344;1
26/11/2008;11:43;12.717245;12.717245;12.717245;12.717245;1
26/11/2008;11:44;12.729634;12.729634;12.729634;12.729634;1
26/11/2008;11:45;12.735829;12.735829;12.735829;12.735829;3
26/11/2008;11:47;12.72344;12.72344;12.72344;12.72344;1
26/11/2008;11:52;12.711051;12.72344;12.711051;12.72344;4
26/11/2008;11:53;12.729634;12.729634;12.729634;12.729634;1
26/11/2008;11:56;12.717245;12.717245;12.711051;12.717245;13
26/11/2008;11:57;12.698662;12.717245;12.698662;12.704856;14
26/11/2008;11:58;12.717245;12.717245;12.711051;12.711051;3
26/11/2008;11:59;12.717245;12.717245;12.717245;12.717245;1
26/11/2008;12:00;12.72344;12.72344;12.72344;12.72344;1
26/11/2008;12:01;12.717245;12.717245;12.717245;12.717245;1
26/11/2008;12:02;12.711051;12.711051;12.704856;12.704856;3
26/11/2008;12:03;12.711051;12.711051;12.711051;12.711051;2
26/11/2008;12:06;12.729634;12.729634;12.729634;12.729634;4
26/11/2008;12:09;12.735829;12.735829;12.729634;12.729634;2
26/11/2008;12:10;12.72344;12.729634;12.711051;12.729634;5
26/11/2008;12:11;12.711051;12.711051;12.711051;12.711051;1
26/11/2008;12:12;12.711051;12.717245;12.711051;12.711051;4
26/11/2008;12:13;12.686273;12.686273;12.686273;12.686273;1
26/11/2008;12:15;12.698662;12.698662;12.686273;12.686273;3
26/11/2008;12:16;12.692467;12.698662;12.692467;12.698662;2
26/11/2008;12:17;12.698662;12.698662;12.698662;12.698662;1
26/11/2008;12:19;12.704856;12.704856;12.704856;12.704856;1
26/11/2008;12:20;12.717245;12.717245;12.711051;12.711051;4
26/11/2008;12:22;12.711051;12.711051;12.698662;12.698662;7
26/11/2008;12:23;12.692467;12.692467;12.673884;12.673884;5
26/11/2008;12:24;12.66769;12.673884;12.649106;12.649106;7
26/11/2008;12:25;12.624328;12.624328;12.611939;12.611939;4
26/11/2008;12:26;12.624328;12.624328;12.618134;12.618134;7
26/11/2008;12:27;12.624328;12.624328;12.624328;12.624328;7
26/11/2008;12:29;12.611939;12.611939;12.611939;12.611939;1
26/11/2008;12:30;12.59955;12.605745;12.59955;12.605745;5
26/11/2008;12:31;12.605745;12.605745;12.593356;12.593356;4
26/11/2008;12:32;12.587161;12.587161;12.587161;12.587161;9
26/11/2008;12:35;12.630523;12.661495;12.630523;12.636717;6
26/11/2008;12:37;12.630523;12.630523;12.630523;12.630523;1
26/11/2008;12:38;12.636717;12.636717;12.636717;12.636717;2
26/11/2008;12:39;12.636717;12.636717;12.636717;12.636717;2
26/11/2008;12:40;12.636717;12.636717;12.636717;12.636717;3
26/11/2008;12:42;12.636717;12.636717;12.618134;12.618134;3
26/11/2008;12:45;12.636717;12.636717;12.636717;12.636717;2
26/11/2008;12:50;12.636717;12.636717;12.636717;12.636717;2
26/11/2008;12:51;12.636717;12.636717;12.636717;12.636717;1
26/11/2008;12:55;12.649106;12.655301;12.649106;12.655301;10
26/11/2008;12:57;12.649106;12.649106;12.649106;12.649106;1
26/11/2008;13:01;12.655301;12.655301;12.655301;12.655301;1
26/11/2008;13:04;12.661495;12.661495;12.661495;12.661495;1
26/11/2008;13:05;12.636717;12.661495;12.636717;12.661495;3
26/11/2008;13:06;12.661495;12.661495;12.661495;12.661495;2
26/11/2008;13:08;12.649106;12.649106;12.649106;12.649106;1
26/11/2008;13:10;12.661495;12.661495;12.661495;12.661495;1
26/11/2008;13:18;12.655301;12.661495;12.655301;12.661495;4
26/11/2008;13:19;12.655301;12.661495;12.655301;12.661495;3
26/11/2008;13:20;12.661495;12.661495;12.661495;12.661495;1
26/11/2008;13:23;12.661495;12.66769;12.649106;12.66769;4
26/11/2008;13:25;12.673884;12.673884;12.673884;12.673884;1
26/11/2008;13:26;12.673884;12.680079;12.673884;12.680079;4
26/11/2008;13:27;12.66769;12.680079;12.66769;12.680079;2
26/11/2008;13:28;12.686273;12.692467;12.686273;12.692467;3
26/11/2008;13:29;12.686273;12.686273;12.686273;12.686273;1
26/11/2008;13:30;12.673884;12.673884;12.673884;12.673884;1
26/11/2008;13:37;12.686273;12.686273;12.686273;12.686273;1
26/11/2008;13:38;12.673884;12.673884;12.673884;12.673884;1
26/11/2008;13:39;12.661495;12.661495;12.655301;12.655301;6
26/11/2008;13:40;12.661495;12.673884;12.661495;12.673884;2
26/11/2008;13:41;12.673884;12.673884;12.673884;12.673884;1
26/11/2008;13:42;12.673884;12.673884;12.673884;12.673884;1
26/11/2008;13:44;12.673884;12.673884;12.661495;12.661495;4
26/11/2008;13:47;12.692467;12.692467;12.692467;12.692467;2
26/11/2008;13:48;12.692467;12.698662;12.692467;12.698662;8
26/11/2008;13:49;12.704856;12.72344;12.704856;12.72344;3
26/11/2008;13:51;12.729634;12.729634;12.729634;12.729634;10
26/11/2008;13:52;12.735829;12.742023;12.735829;12.735829;8
26/11/2008;13:54;12.742023;12.742023;12.742023;12.742023;5
26/11/2008;13:56;12.754412;12.754412;12.754412;12.754412;5
26/11/2008;13:57;12.754412;12.754412;12.754412;12.754412;1
26/11/2008;13:58;12.760607;12.760607;12.748218;12.748218;7
26/11/2008;14:01;12.760607;12.766801;12.760607;12.760607;3
26/11/2008;14:08;12.717245;12.72344;12.717245;12.72344;2
26/11/2008;14:10;12.735829;12.735829;12.735829;12.735829;2
26/11/2008;14:11;12.735829;12.735829;12.735829;12.735829;1
26/11/2008;14:12;12.742023;12.742023;12.742023;12.742023;1
26/11/2008;14:14;12.742023;12.742023;12.742023;12.742023;1
26/11/2008;14:18;12.748218;12.748218;12.748218;12.748218;4
26/11/2008;14:20;12.754412;12.754412;12.754412;12.754412;11
26/11/2008;14:21;12.760607;12.760607;12.760607;12.760607;1
26/11/2008;14:24;12.742023;12.742023;12.72344;12.72344;15
26/11/2008;14:25;12.742023;12.742023;12.742023;12.742023;1
26/11/2008;14:27;12.742023;12.742023;12.742023;12.742023;1
26/11/2008;14:30;12.735829;12.735829;12.735829;12.735829;5
26/11/2008;14:32;12.735829;12.735829;12.735829;12.735829;2
26/11/2008;14:33;12.735829;12.735829;12.735829;12.735829;2
26/11/2008;14:38;12.754412;12.754412;12.754412;12.754412;2
26/11/2008;14:44;12.748218;12.748218;12.748218;12.748218;1
26/11/2008;14:51;12.748218;12.748218;12.748218;12.748218;2
26/11/2008;14:52;12.760607;12.760607;12.760607;12.760607;11
26/11/2008;14:53;12.760607;12.760607;12.760607;12.760607;10
26/11/2008;14:56;12.772996;12.772996;12.772996;12.772996;7
26/11/2008;14:59;12.785385;12.785385;12.77919;12.77919;2
26/11/2008;15:00;12.772996;12.772996;12.772996;12.772996;1
26/11/2008;15:01;12.760607;12.760607;12.760607;12.760607;2
26/11/2008;15:08;12.729634;12.729634;12.729634;12.729634;1
26/11/2008;15:10;12.711051;12.717245;12.692467;12.717245;14
26/11/2008;15:11;12.698662;12.698662;12.698662;12.698662;2
26/11/2008;15:12;12.698662;12.698662;12.698662;12.698662;1
26/11/2008;15:18;12.698662;12.698662;12.698662;12.698662;2
26/11/2008;15:19;12.704856;12.717245;12.704856;12.717245;8
26/11/2008;15:27;12.754412;12.754412;12.754412;12.754412;1
26/11/2008;15:29;12.748218;12.748218;12.748218;12.748218;1
26/11/2008;15:35;12.748218;12.748218;12.748218;12.748218;1
26/11/2008;15:37;12.748218;12.748218;12.748218;12.748218;1
26/11/2008;15:44;12.760607;12.760607;12.760607;12.760607;1
26/11/2008;15:50;12.766801;12.766801;12.766801;12.766801;2
26/11/2008;15:51;12.77919;12.77919;12.77919;12.77919;2
26/11/2008;15:53;12.77919;12.77919;12.748218;12.748218;2
26/11/2008;15:57;12.742023;12.742023;12.742023;12.742023;1
26/11/2008;15:58;12.772996;12.772996;12.772996;12.772996;1
26/11/2008;15:59;12.698662;12.698662;12.698662;12.698662;1
26/11/2008;16:12;12.72344;12.72344;12.72344;12.72344;1
26/11/2008;16:13;12.72344;12.72344;12.72344;12.72344;1
26/11/2008;16:14;12.729634;12.729634;12.729634;12.729634;1
26/11/2008;17:05;12.797773;12.797773;12.797773;12.797773;2
26/11/2008;17:17;12.735829;12.735829;12.735829;12.735829;2
26/11/2008;17:37;12.673884;12.673884;12.673884;12.673884;1
26/11/2008;17:53;12.711051;12.711051;12.711051;12.711051;2
26/11/2008;17:57;12.711051;12.711051;12.711051;12.711051;2
26/11/2008;18:14;12.717245;12.72344;12.717245;12.72344;2
26/11/2008;18:31;12.711051;12.711051;12.711051;12.711051;1
26/11/2008;18:50;12.72344;12.72344;12.72344;12.72344;1
26/11/2008;19:16;12.72344;12.72344;12.72344;12.72344;1
26/11/2008;19:18;12.729634;12.729634;12.729634;12.729634;1
26/11/2008;23:28;12.797773;12.797773;12.797773;12.797773;1
26/11/2008;23:33;12.797773;12.797773;12.797773;12.797773;1
27/11/2008;00:11;12.810162;12.810162;12.810162;12.810162;1
27/11/2008;00:16;12.785385;12.785385;12.785385;12.785385;2
27/11/2008;00:17;12.785385;12.785385;12.785385;12.785385;6
27/11/2008;00:28;12.797773;12.797773;12.797773;12.797773;1
27/11/2008;00:45;12.772996;12.772996;12.772996;12.772996;1
27/11/2008;00:48;12.772996;12.772996;12.772996;12.772996;4
27/11/2008;00:49;12.772996;12.772996;12.772996;12.772996;2
27/11/2008;00:55;12.766801;12.766801;12.754412;12.754412;14
27/11/2008;00:56;12.754412;12.791579;12.754412;12.791579;10
27/11/2008;01:02;12.742023;12.742023;12.742023;12.742023;1
27/11/2008;01:19;12.742023;12.742023;12.742023;12.742023;5
27/11/2008;01:20;12.772996;12.797773;12.772996;12.797773;6
27/11/2008;01:24;12.742023;12.742023;12.742023;12.742023;5
27/11/2008;01:26;12.72344;12.72344;12.704856;12.704856;4
27/11/2008;01:29;12.704856;12.704856;12.704856;12.704856;2
27/11/2008;01:30;12.698662;12.698662;12.698662;12.698662;1
27/11/2008;01:32;12.698662;12.698662;12.698662;12.698662;6
27/11/2008;01:33;12.686273;12.686273;12.673884;12.673884;23
27/11/2008;01:34;12.66769;12.72344;12.661495;12.661495;24
27/11/2008;01:35;12.698662;12.711051;12.698662;12.711051;13
27/11/2008;01:40;12.72344;12.72344;12.72344;12.72344;2
27/11/2008;01:46;12.698662;12.698662;12.698662;12.698662;2
27/11/2008;01:48;12.698662;12.698662;12.698662;12.698662;1
27/11/2008;01:56;12.711051;12.72344;12.711051;12.72344;6
27/11/2008;01:57;12.735829;12.735829;12.735829;12.735829;2
27/11/2008;01:58;12.735829;12.735829;12.735829;12.735829;3
27/11/2008;02:05;12.735829;12.735829;12.735829;12.735829;1
27/11/2008;02:07;12.711051;12.711051;12.711051;12.711051;1
27/11/2008;02:09;12.711051;12.711051;12.711051;12.711051;1
27/11/2008;02:10;12.711051;12.711051;12.711051;12.711051;1
27/11/2008;02:11;12.711051;12.735829;12.711051;12.729634;7
27/11/2008;02:12;12.729634;12.729634;12.729634;12.729634;4
27/11/2008;02:16;12.711051;12.711051;12.711051;12.711051;2
27/11/2008;02:17;12.698662;12.698662;12.692467;12.692467;3
27/11/2008;02:18;12.698662;12.698662;12.698662;12.698662;2
27/11/2008;02:19;12.692467;12.692467;12.692467;12.692467;1
27/11/2008;02:20;12.692467;12.698662;12.692467;12.698662;5
27/11/2008;02:21;12.698662;12.698662;12.698662;12.698662;1
27/11/2008;02:22;12.680079;12.692467;12.649106;12.692467;16
27/11/2008;02:27;12.686273;12.686273;12.686273;12.686273;2
27/11/2008;02:28;12.698662;12.698662;12.698662;12.698662;1
27/11/2008;02:29;12.698662;12.698662;12.698662;12.698662;2
27/11/2008;02:30;12.698662;12.735829;12.698662;12.735829;9
27/11/2008;02:31;12.72344;12.72344;12.72344;12.72344;1
27/11/2008;02:38;12.711051;12.711051;12.711051;12.711051;2
27/11/2008;02:44;12.704856;12.711051;12.704856;12.711051;2
27/11/2008;02:51;12.692467;12.711051;12.680079;12.680079;6
27/11/2008;02:58;12.698662;12.698662;12.698662;12.698662;4
27/11/2008;02:59;12.698662;12.698662;12.698662;12.698662;12
27/11/2008;03:00;12.698662;12.698662;12.698662;12.698662;1
27/11/2008;03:04;12.686273;12.686273;12.686273;12.686273;1
27/11/2008;03:05;12.686273;12.686273;12.673884;12.673884;12
27/11/2008;03:08;12.692467;12.692467;12.661495;12.661495;12
27/11/2008;03:25;12.673884;12.673884;12.66769;12.66769;10
27/11/2008;03:26;12.704856;12.735829;12.704856;12.735829;5
27/11/2008;03:27;12.748218;12.748218;12.748218;12.748218;6
27/11/2008;03:28;12.735829;12.735829;12.735829;12.735829;1
27/11/2008;03:29;12.748218;12.748218;12.748218;12.748218;2
27/11/2008;03:30;12.748218;12.748218;12.748218;12.748218;1
27/11/2008;03:31;12.748218;12.748218;12.748218;12.748218;1
27/11/2008;03:32;12.748218;12.760607;12.748218;12.760607;6
27/11/2008;03:37;12.760607;12.760607;12.760607;12.760607;1
27/11/2008;03:38;12.748218;12.748218;12.748218;12.748218;1
27/11/2008;03:40;12.772996;12.772996;12.772996;12.772996;1
27/11/2008;03:46;12.772996;12.772996;12.772996;12.772996;1
27/11/2008;03:48;12.772996;12.772996;12.772996;12.772996;2
27/11/2008;03:50;12.772996;12.772996;12.772996;12.772996;8
27/11/2008;03:51;12.772996;12.791579;12.766801;12.766801;11
27/11/2008;04:00;12.791579;12.791579;12.791579;12.791579;9
27/11/2008;04:01;12.785385;12.785385;12.785385;12.785385;1
27/11/2008;04:05;12.797773;12.797773;12.797773;12.797773;1
27/11/2008;04:07;12.816357;12.822551;12.816357;12.822551;2
27/11/2008;04:08;12.810162;12.810162;12.810162;12.810162;5
27/11/2008;04:09;12.810162;12.810162;12.810162;12.810162;5
27/11/2008;04:14;12.828746;12.828746;12.828746;12.828746;1
27/11/2008;04:15;12.847329;12.859718;12.847329;12.859718;14
27/11/2008;04:16;12.847329;12.847329;12.847329;12.847329;1
27/11/2008;04:17;12.847329;12.847329;12.847329;12.847329;3
27/11/2008;04:19;12.847329;12.847329;12.847329;12.847329;1
27/11/2008;04:20;12.841135;12.841135;12.810162;12.810162;2
27/11/2008;04:23;12.803968;12.803968;12.797773;12.797773;11
27/11/2008;04:30;12.803968;12.803968;12.803968;12.803968;1
27/11/2008;04:32;12.803968;12.803968;12.803968;12.803968;11
27/11/2008;04:35;12.803968;12.803968;12.803968;12.803968;1
27/11/2008;04:45;12.803968;12.803968;12.803968;12.803968;1
27/11/2008;04:49;12.803968;12.803968;12.803968;12.803968;1
27/11/2008;04:50;12.803968;12.803968;12.803968;12.803968;1
27/11/2008;05:11;12.791579;12.797773;12.791579;12.797773;7
27/11/2008;05:19;12.772996;12.772996;12.772996;12.772996;1
27/11/2008;05:21;12.772996;12.772996;12.772996;12.772996;2
27/11/2008;05:22;12.766801;12.797773;12.766801;12.797773;8
27/11/2008;05:24;12.766801;12.766801;12.766801;12.766801;1
27/11/2008;05:26;12.760607;12.760607;12.760607;12.760607;7
27/11/2008;05:31;12.772996;12.772996;12.772996;12.772996;4
27/11/2008;05:35;12.760607;12.760607;12.760607;12.760607;1
27/11/2008;05:36;12.754412;12.754412;12.754412;12.754412;6
27/11/2008;05:37;12.742023;12.754412;12.742023;12.754412;12
27/11/2008;05:38;12.754412;12.754412;12.742023;12.754412;5
27/11/2008;05:39;12.77919;12.77919;12.754412;12.754412;4
27/11/2008;05:40;12.77919;12.77919;12.77919;12.77919;2
27/11/2008;05:44;12.785385;12.785385;12.785385;12.785385;2
27/11/2008;05:45;12.791579;12.791579;12.791579;12.791579;1
27/11/2008;05:59;12.766801;12.766801;12.760607;12.760607;3
27/11/2008;06:00;12.760607;12.760607;12.735829;12.735829;16
27/11/2008;06:03;12.729634;12.729634;12.717245;12.717245;2
27/11/2008;06:04;12.704856;12.704856;12.704856;12.704856;8
27/11/2008;06:05;12.698662;12.698662;12.698662;12.698662;2
27/11/2008;06:06;12.692467;12.692467;12.692467;12.692467;2
27/11/2008;06:07;12.680079;12.680079;12.66769;12.66769;6
27/11/2008;06:10;12.686273;12.686273;12.661495;12.673884;34
27/11/2008;06:11;12.673884;12.673884;12.673884;12.673884;1
27/11/2008;06:12;12.673884;12.673884;12.673884;12.673884;2
27/11/2008;06:13;12.673884;12.692467;12.673884;12.680079;5
27/11/2008;06:24;12.692467;12.698662;12.692467;12.698662;2
27/11/2008;06:25;12.692467;12.692467;12.692467;12.692467;1
27/11/2008;06:27;12.711051;12.711051;12.711051;12.711051;2
27/11/2008;06:28;12.717245;12.717245;12.717245;12.717245;1
27/11/2008;06:29;12.711051;12.711051;12.711051;12.711051;1
27/11/2008;06:30;12.704856;12.711051;12.704856;12.711051;2
27/11/2008;06:32;12.717245;12.717245;12.717245;12.717245;3
27/11/2008;06:33;12.717245;12.717245;12.717245;12.717245;1
27/11/2008;06:34;12.704856;12.711051;12.704856;12.711051;21
27/11/2008;06:35;12.704856;12.704856;12.704856;12.704856;8
27/11/2008;06:39;12.66769;12.66769;12.66769;12.66769;2
27/11/2008;06:42;12.673884;12.673884;12.673884;12.673884;1
27/11/2008;06:49;12.680079;12.680079;12.680079;12.680079;1
27/11/2008;06:52;12.680079;12.680079;12.680079;12.680079;1
27/11/2008;06:57;12.698662;12.698662;12.698662;12.698662;7
27/11/2008;06:59;12.698662;12.698662;12.698662;12.698662;10
27/11/2008;07:00;12.698662;12.698662;12.698662;12.698662;1
27/11/2008;07:01;12.704856;12.704856;12.704856;12.704856;22
27/11/2008;07:13;12.673884;12.680079;12.673884;12.680079;3
27/11/2008;07:15;12.692467;12.692467;12.692467;12.692467;1
27/11/2008;07:17;12.686273;12.686273;12.680079;12.680079;33
27/11/2008;07:19;12.66769;12.66769;12.66769;12.66769;8
27/11/2008;07:20;12.686273;12.686273;12.686273;12.686273;20
27/11/2008;07:21;12.698662;12.704856;12.698662;12.704856;3
27/11/2008;07:22;12.711051;12.711051;12.711051;12.711051;4
27/11/2008;07:23;12.72344;12.72344;12.72344;12.72344;1
27/11/2008;07:25;12.748218;12.760607;12.748218;12.760607;4
27/11/2008;07:26;12.748218;12.748218;12.748218;12.748218;11
27/11/2008;07:27;12.748218;12.748218;12.748218;12.748218;4
27/11/2008;07:28;12.735829;12.735829;12.735829;12.735829;20
27/11/2008;07:29;12.748218;12.748218;12.729634;12.729634;20
27/11/2008;07:34;12.742023;12.754412;12.742023;12.754412;28
27/11/2008;07:36;12.754412;12.754412;12.754412;12.754412;10
27/11/2008;07:37;12.754412;12.754412;12.754412;12.754412;1
27/11/2008;07:38;12.754412;12.754412;12.754412;12.754412;11
27/11/2008;07:39;12.711051;12.742023;12.711051;12.742023;2
27/11/2008;07:40;12.742023;12.742023;12.742023;12.742023;12
27/11/2008;07:41;12.748218;12.754412;12.748218;12.754412;22
27/11/2008;07:42;12.754412;12.754412;12.754412;12.754412;24
27/11/2008;07:43;12.760607;12.760607;12.760607;12.760607;5
27/11/2008;07:45;12.711051;12.711051;12.711051;12.711051;2
27/11/2008;07:47;12.704856;12.704856;12.704856;12.704856;13
27/11/2008;07:57;12.72344;12.72344;12.704856;12.704856;4
27/11/2008;07:58;12.704856;12.704856;12.704856;12.704856;1
27/11/2008;08:09;12.72344;12.72344;12.72344;12.72344;3
27/11/2008;08:10;12.72344;12.72344;12.72344;12.72344;3
27/11/2008;08:11;12.72344;12.72344;12.72344;12.72344;6
27/11/2008;08:16;12.717245;12.72344;12.717245;12.717245;9
27/11/2008;08:17;12.72344;12.72344;12.72344;12.72344;46
27/11/2008;08:18;12.735829;12.742023;12.735829;12.742023;4
27/11/2008;08:19;12.735829;12.754412;12.735829;12.754412;5
27/11/2008;08:20;12.754412;12.760607;12.754412;12.760607;8
27/11/2008;08:21;12.698662;12.698662;12.698662;12.698662;1
27/11/2008;08:29;12.748218;12.766801;12.748218;12.766801;11
27/11/2008;08:30;12.766801;12.766801;12.766801;12.766801;1
27/11/2008;08:37;12.711051;12.711051;12.711051;12.711051;1
27/11/2008;08:45;12.72344;12.729634;12.72344;12.729634;2
27/11/2008;08:47;12.717245;12.717245;12.717245;12.717245;2
27/11/2008;08:50;12.717245;12.717245;12.717245;12.717245;4
27/11/2008;08:52;12.729634;12.729634;12.729634;12.729634;2
27/11/2008;08:54;12.729634;12.729634;12.717245;12.717245;15
27/11/2008;09:00;12.735829;12.735829;12.735829;12.735829;1
27/11/2008;09:01;12.735829;12.735829;12.735829;12.735829;9
27/11/2008;09:07;12.735829;12.735829;12.735829;12.735829;3
27/11/2008;09:08;12.729634;12.729634;12.729634;12.729634;4
27/11/2008;09:10;12.729634;12.729634;12.729634;12.729634;1
27/11/2008;09:11;12.72344;12.729634;12.72344;12.729634;2
27/11/2008;09:13;12.748218;12.748218;12.748218;12.748218;3
27/11/2008;09:19;12.729634;12.729634;12.729634;12.729634;2
27/11/2008;09:20;12.748218;12.748218;12.748218;12.748218;3
27/11/2008;09:22;12.754412;12.754412;12.754412;12.754412;1
27/11/2008;09:28;12.77919;12.785385;12.77919;12.785385;3
27/11/2008;09:29;12.797773;12.797773;12.797773;12.797773;6
27/11/2008;09:30;12.797773;12.797773;12.797773;12.797773;3
27/11/2008;09:31;12.797773;12.797773;12.797773;12.797773;3
27/11/2008;09:36;12.797773;12.797773;12.797773;12.797773;4
27/11/2008;09:38;12.785385;12.785385;12.785385;12.785385;2
27/11/2008;09:42;12.77919;12.77919;12.772996;12.772996;9
27/11/2008;09:46;12.785385;12.785385;12.785385;12.785385;5
27/11/2008;09:48;12.772996;12.772996;12.772996;12.772996;1
27/11/2008;09:50;12.772996;12.772996;12.772996;12.772996;1
27/11/2008;09:51;12.77919;12.77919;12.77919;12.77919;2
27/11/2008;09:52;12.772996;12.772996;12.772996;12.772996;1
27/11/2008;09:55;12.772996;12.772996;12.772996;12.772996;1
27/11/2008;09:57;12.772996;12.772996;12.760607;12.760607;20
27/11/2008;09:59;12.77919;12.797773;12.766801;12.797773;15
27/11/2008;10:00;12.803968;12.803968;12.803968;12.803968;2
27/11/2008;10:02;12.77919;12.77919;12.772996;12.772996;10
27/11/2008;10:05;12.797773;12.810162;12.797773;12.810162;13
27/11/2008;10:06;12.816357;12.816357;12.816357;12.816357;1
27/11/2008;10:09;12.785385;12.785385;12.785385;12.785385;1
27/11/2008;10:13;12.810162;12.810162;12.810162;12.810162;1
27/11/2008;10:18;12.822551;12.828746;12.822551;12.828746;10
27/11/2008;10:19;12.816357;12.816357;12.816357;12.816357;4
27/11/2008;10:22;12.822551;12.822551;12.822551;12.822551;7
27/11/2008;10:26;12.822551;12.822551;12.822551;12.822551;10
27/11/2008;10:35;12.83494;12.83494;12.83494;12.83494;5
27/11/2008;10:38;12.828746;12.828746;12.828746;12.828746;1
27/11/2008;10:51;12.828746;12.828746;12.828746;12.828746;4
27/11/2008;11:02;12.83494;12.83494;12.83494;12.83494;1
27/11/2008;11:03;12.83494;12.83494;12.83494;12.83494;1
27/11/2008;11:04;12.828746;12.828746;12.828746;12.828746;1
27/11/2008;11:07;12.83494;12.83494;12.83494;12.83494;1
27/11/2008;11:19;12.83494;12.83494;12.83494;12.83494;1
27/11/2008;11:34;12.828746;12.828746;12.828746;12.828746;2
27/11/2008;13:14;12.83494;12.83494;12.83494;12.83494;1
27/11/2008;14:20;12.828746;12.828746;12.828746;12.828746;4
27/11/2008;14:21;12.828746;12.828746;12.828746;12.828746;1
27/11/2008;14:22;12.828746;12.828746;12.828746;12.828746;4
27/11/2008;14:24;12.828746;12.828746;12.828746;12.828746;2
27/11/2008;14:35;12.841135;12.841135;12.841135;12.841135;2
27/11/2008;14:38;12.841135;12.841135;12.841135;12.841135;1
27/11/2008;15:30;12.822551;12.822551;12.822551;12.822551;1
27/11/2008;15:47;12.83494;12.83494;12.83494;12.83494;1
27/11/2008;16:10;12.83494;12.83494;12.83494;12.83494;1
27/11/2008;18:13;12.810162;12.810162;12.810162;12.810162;1
27/11/2008;18:14;12.797773;12.797773;12.797773;12.797773;1
27/11/2008;18:16;12.83494;12.83494;12.83494;12.83494;11
27/11/2008;18:17;12.828746;12.828746;12.791579;12.822551;13
27/11/2008;18:20;12.810162;12.828746;12.810162;12.828746;2
27/11/2008;18:27;12.803968;12.803968;12.803968;12.803968;2
27/11/2008;18:34;12.797773;12.797773;12.797773;12.797773;2
27/11/2008;18:35;12.785385;12.785385;12.785385;12.785385;3
27/11/2008;18:36;12.810162;12.810162;12.810162;12.810162;3
27/11/2008;18:38;12.810162;12.810162;12.810162;12.810162;2
27/11/2008;18:45;12.797773;12.797773;12.797773;12.797773;1
27/11/2008;19:12;12.791579;12.791579;12.791579;12.791579;1
27/11/2008;19:13;12.785385;12.785385;12.785385;12.785385;1
27/11/2008;19:35;12.810162;12.810162;12.810162;12.810162;3
27/11/2008;19:38;12.785385;12.785385;12.785385;12.785385;1
27/11/2008;20:38;12.785385;12.785385;12.785385;12.785385;1
27/11/2008;20:47;12.791579;12.791579;12.791579;12.791579;2
27/11/2008;20:49;12.797773;12.797773;12.797773;12.797773;1
27/11/2008;20:50;12.785385;12.785385;12.785385;12.785385;1
27/11/2008;20:52;12.797773;12.797773;12.797773;12.797773;1
27/11/2008;21:03;12.785385;12.785385;12.785385;12.785385;1
27/11/2008;21:12;12.77919;12.77919;12.748218;12.748218;11
27/11/2008;21:13;12.791579;12.791579;12.791579;12.791579;5
27/11/2008;21:20;12.791579;12.791579;12.791579;12.791579;13
27/11/2008;21:24;12.785385;12.785385;12.785385;12.785385;1
27/11/2008;21:30;12.785385;12.785385;12.785385;12.785385;1
27/11/2008;21:38;12.791579;12.791579;12.791579;12.791579;2
27/11/2008;21:46;12.748218;12.748218;12.748218;12.748218;1
27/11/2008;21:49;12.748218;12.772996;12.748218;12.772996;4
27/11/2008;21:50;12.797773;12.797773;12.797773;12.797773;2
27/11/2008;22:05;12.760607;12.760607;12.760607;12.760607;1
27/11/2008;22:33;12.748218;12.748218;12.748218;12.748218;2
27/11/2008;22:35;12.742023;12.742023;12.742023;12.742023;1
27/11/2008;22:40;12.760607;12.760607;12.760607;12.760607;1
27/11/2008;22:55;12.742023;12.742023;12.742023;12.742023;2
27/11/2008;22:57;12.760607;12.760607;12.760607;12.760607;1
27/11/2008;22:58;12.760607;12.760607;12.760607;12.760607;1
27/11/2008;22:59;12.760607;12.766801;12.760607;12.766801;3
27/11/2008;23:06;12.766801;12.791579;12.766801;12.791579;3
27/11/2008;23:21;12.760607;12.760607;12.760607;12.760607;1
27/11/2008;23:25;12.754412;12.754412;12.754412;12.754412;1
27/11/2008;23:30;12.748218;12.748218;12.748218;12.748218;1
27/11/2008;23:37;12.754412;12.754412;12.754412;12.754412;1
27/11/2008;23:38;12.754412;12.754412;12.754412;12.754412;1
27/11/2008;23:41;12.748218;12.748218;12.748218;12.748218;2
27/11/2008;23:44;12.742023;12.742023;12.735829;12.735829;2
27/11/2008;23:45;12.748218;12.748218;12.742023;12.742023;2
27/11/2008;23:46;12.735829;12.735829;12.735829;12.735829;1
27/11/2008;23:47;12.742023;12.742023;12.735829;12.735829;2
27/11/2008;23:49;12.742023;12.742023;12.735829;12.735829;2
27/11/2008;23:59;12.742023;12.742023;12.742023;12.742023;1
28/11/2008;00:07;12.742023;12.742023;12.742023;12.742023;1
28/11/2008;00:15;12.748218;12.748218;12.748218;12.748218;1
28/11/2008;00:21;12.748218;12.748218;12.748218;12.748218;1
28/11/2008;00:24;12.748218;12.748218;12.748218;12.748218;1
28/11/2008;00:27;12.742023;12.742023;12.742023;12.742023;3
28/11/2008;00:30;12.742023;12.742023;12.742023;12.742023;1
28/11/2008;00:31;12.754412;12.754412;12.754412;12.754412;1
28/11/2008;00:37;12.735829;12.735829;12.735829;12.735829;1
28/11/2008;00:38;12.735829;12.742023;12.735829;12.735829;10
28/11/2008;00:57;12.748218;12.748218;12.748218;12.748218;1
28/11/2008;00:58;12.748218;12.748218;12.748218;12.748218;2
28/11/2008;01:02;12.748218;12.748218;12.748218;12.748218;2
28/11/2008;01:10;12.760607;12.760607;12.760607;12.760607;2
28/11/2008;01:11;12.766801;12.766801;12.766801;12.766801;1
28/11/2008;01:12;12.766801;12.772996;12.766801;12.772996;3
28/11/2008;01:17;12.772996;12.772996;12.772996;12.772996;1
28/11/2008;01:19;12.772996;12.772996;12.766801;12.766801;2
28/11/2008;01:21;12.760607;12.760607;12.760607;12.760607;1
28/11/2008;01:22;12.760607;12.760607;12.748218;12.748218;5
28/11/2008;01:25;12.772996;12.772996;12.772996;12.772996;2
28/11/2008;01:35;12.766801;12.766801;12.766801;12.766801;1
28/11/2008;01:38;12.754412;12.754412;12.748218;12.748218;4
28/11/2008;01:39;12.748218;12.748218;12.748218;12.748218;6
28/11/2008;01:40;12.766801;12.766801;12.766801;12.766801;1
28/11/2008;01:44;12.748218;12.748218;12.735829;12.735829;15
28/11/2008;01:51;12.735829;12.735829;12.735829;12.735829;1
28/11/2008;01:52;12.735829;12.748218;12.717245;12.748218;7
28/11/2008;01:57;12.748218;12.748218;12.748218;12.748218;1
28/11/2008;01:58;12.72344;12.72344;12.717245;12.717245;2
28/11/2008;02:00;12.717245;12.717245;12.704856;12.711051;4
28/11/2008;02:02;12.735829;12.760607;12.735829;12.760607;8
28/11/2008;02:03;12.760607;12.760607;12.760607;12.760607;4
28/11/2008;02:05;12.748218;12.748218;12.748218;12.748218;1
28/11/2008;02:06;12.742023;12.742023;12.735829;12.735829;8
28/11/2008;02:10;12.72344;12.72344;12.72344;12.72344;2
28/11/2008;02:11;12.729634;12.729634;12.729634;12.729634;2
28/11/2008;02:13;12.742023;12.742023;12.742023;12.742023;1
28/11/2008;02:15;12.754412;12.754412;12.754412;12.754412;1
28/11/2008;02:17;12.748218;12.748218;12.748218;12.748218;1
28/11/2008;02:23;12.735829;12.735829;12.735829;12.735829;1
28/11/2008;02:25;12.735829;12.735829;12.735829;12.735829;1
28/11/2008;02:34;12.711051;12.711051;12.704856;12.704856;8
28/11/2008;02:37;12.711051;12.711051;12.711051;12.711051;1
28/11/2008;02:38;12.72344;12.735829;12.72344;12.735829;3
28/11/2008;02:42;12.748218;12.748218;12.748218;12.748218;1
28/11/2008;02:45;12.729634;12.729634;12.729634;12.729634;10
28/11/2008;02:57;12.748218;12.754412;12.742023;12.742023;6
28/11/2008;02:59;12.748218;12.748218;12.748218;12.748218;1
28/11/2008;03:03;12.760607;12.772996;12.760607;12.772996;5
28/11/2008;03:07;12.742023;12.742023;12.742023;12.742023;1
28/11/2008;03:15;12.766801;12.766801;12.766801;12.766801;4
28/11/2008;03:18;12.766801;12.772996;12.766801;12.766801;4
28/11/2008;03:19;12.760607;12.760607;12.754412;12.760607;8
28/11/2008;03:20;12.754412;12.754412;12.748218;12.748218;14
28/11/2008;03:26;12.766801;12.766801;12.766801;12.766801;3
28/11/2008;03:29;12.754412;12.754412;12.754412;12.754412;2
28/11/2008;03:32;12.754412;12.754412;12.754412;12.754412;1
28/11/2008;03:33;12.748218;12.748218;12.748218;12.748218;11
28/11/2008;03:34;12.742023;12.742023;12.742023;12.742023;1
28/11/2008;03:37;12.735829;12.735829;12.735829;12.735829;1
28/11/2008;03:38;12.735829;12.735829;12.735829;12.735829;1
28/11/2008;03:39;12.735829;12.735829;12.735829;12.735829;3
28/11/2008;03:42;12.735829;12.735829;12.735829;12.735829;1
28/11/2008;03:43;12.729634;12.729634;12.729634;12.729634;4
28/11/2008;03:44;12.72344;12.72344;12.72344;12.72344;1
28/11/2008;03:49;12.711051;12.711051;12.692467;12.698662;9
28/11/2008;03:50;12.711051;12.711051;12.698662;12.698662;10
28/11/2008;03:51;12.686273;12.72344;12.680079;12.72344;14
28/11/2008;03:53;12.717245;12.717245;12.717245;12.717245;1
28/11/2008;04:01;12.72344;12.72344;12.72344;12.72344;1
28/11/2008;04:10;12.72344;12.72344;12.72344;12.72344;9
28/11/2008;04:26;12.717245;12.717245;12.717245;12.717245;1
28/11/2008;04:29;12.72344;12.72344;12.717245;12.717245;5
28/11/2008;04:30;12.72344;12.72344;12.72344;12.72344;1
28/11/2008;04:33;12.717245;12.717245;12.717245;12.717245;1
28/11/2008;04:34;12.72344;12.72344;12.72344;12.72344;1
28/11/2008;04:35;12.72344;12.72344;12.72344;12.72344;2
28/11/2008;04:36;12.735829;12.735829;12.735829;12.735829;1
28/11/2008;04:39;12.742023;12.742023;12.742023;12.742023;2
28/11/2008;04:48;12.711051;12.711051;12.711051;12.711051;10
28/11/2008;04:49;12.704856;12.704856;12.704856;12.704856;6
28/11/2008;04:50;12.704856;12.704856;12.698662;12.698662;6
28/11/2008;04:51;12.711051;12.729634;12.704856;12.729634;14
28/11/2008;04:52;12.704856;12.704856;12.698662;12.698662;6
28/11/2008;05:04;12.692467;12.711051;12.692467;12.711051;2
28/11/2008;05:07;12.698662;12.698662;12.698662;12.698662;4
28/11/2008;05:08;12.698662;12.711051;12.698662;12.711051;2
28/11/2008;05:10;12.698662;12.698662;12.698662;12.698662;1
28/11/2008;05:11;12.698662;12.698662;12.698662;12.698662;1
28/11/2008;05:12;12.692467;12.692467;12.692467;12.692467;1
28/11/2008;05:17;12.686273;12.692467;12.686273;12.692467;6
28/11/2008;05:21;12.692467;12.692467;12.692467;12.692467;5
28/11/2008;05:25;12.698662;12.698662;12.698662;12.698662;1
28/11/2008;05:27;12.698662;12.698662;12.698662;12.698662;1
28/11/2008;05:30;12.686273;12.686273;12.686273;12.686273;1
28/11/2008;05:31;12.680079;12.680079;12.680079;12.680079;3
28/11/2008;05:34;12.698662;12.698662;12.698662;12.698662;1
28/11/2008;05:35;12.692467;12.692467;12.680079;12.680079;12
28/11/2008;05:36;12.680079;12.680079;12.680079;12.680079;8
28/11/2008;05:40;12.686273;12.698662;12.686273;12.698662;10
28/11/2008;05:41;12.686273;12.686273;12.686273;12.686273;1
28/11/2008;05:42;12.680079;12.680079;12.680079;12.680079;1
28/11/2008;05:43;12.680079;12.680079;12.680079;12.680079;1
28/11/2008;05:46;12.673884;12.673884;12.66769;12.66769;2
28/11/2008;05:47;12.66769;12.66769;12.66769;12.66769;1
28/11/2008;05:48;12.661495;12.661495;12.655301;12.655301;10
28/11/2008;05:50;12.673884;12.673884;12.673884;12.673884;10
28/11/2008;05:51;12.661495;12.66769;12.661495;12.66769;3
28/11/2008;05:55;12.661495;12.661495;12.661495;12.661495;2
28/11/2008;05:56;12.655301;12.655301;12.568578;12.587161;82
28/11/2008;05:57;12.587161;12.587161;12.5438;12.574773;60
28/11/2008;05:58;12.580967;12.59955;12.580967;12.59955;6
28/11/2008;05:59;12.587161;12.587161;12.580967;12.580967;26
28/11/2008;06:00;12.59955;12.642912;12.59955;12.59955;16
28/11/2008;06:01;12.587161;12.587161;12.580967;12.580967;5
28/11/2008;06:02;12.59955;12.618134;12.574773;12.59955;53
28/11/2008;06:03;12.593356;12.593356;12.587161;12.587161;9
28/11/2008;06:04;12.574773;12.574773;12.568578;12.574773;15
28/11/2008;06:05;12.587161;12.587161;12.587161;12.587161;2
28/11/2008;06:06;12.574773;12.574773;12.574773;12.574773;13
28/11/2008;06:07;12.574773;12.574773;12.556189;12.556189;12
28/11/2008;06:08;12.574773;12.574773;12.574773;12.574773;1
28/11/2008;06:09;12.562384;12.574773;12.549995;12.549995;32
28/11/2008;06:10;12.580967;12.580967;12.580967;12.580967;6
28/11/2008;06:13;12.580967;12.580967;12.580967;12.580967;4
28/11/2008;06:18;12.562384;12.562384;12.5438;12.562384;15
28/11/2008;06:19;12.556189;12.562384;12.556189;12.556189;12
28/11/2008;06:20;12.5438;12.556189;12.5438;12.5438;9
28/11/2008;06:21;12.549995;12.549995;12.537606;12.537606;19
28/11/2008;06:22;12.537606;12.549995;12.537606;12.549995;27
28/11/2008;06:23;12.562384;12.605745;12.562384;12.587161;33
28/11/2008;06:25;12.580967;12.580967;12.580967;12.580967;1
28/11/2008;06:26;12.568578;12.587161;12.562384;12.587161;18
28/11/2008;06:27;12.562384;12.580967;12.562384;12.580967;7
28/11/2008;06:30;12.562384;12.562384;12.562384;12.562384;1
28/11/2008;06:31;12.568578;12.587161;12.568578;12.587161;11
28/11/2008;06:32;12.574773;12.574773;12.568578;12.568578;7
28/11/2008;06:33;12.568578;12.568578;12.568578;12.568578;1
28/11/2008;06:34;12.574773;12.574773;12.574773;12.574773;9
28/11/2008;06:37;12.587161;12.587161;12.587161;12.587161;1
28/11/2008;06:38;12.568578;12.587161;12.568578;12.587161;4
28/11/2008;06:39;12.593356;12.593356;12.593356;12.593356;1
28/11/2008;06:41;12.587161;12.587161;12.587161;12.587161;2
28/11/2008;06:42;12.59955;12.605745;12.59955;12.605745;4
28/11/2008;06:44;12.59955;12.59955;12.59955;12.59955;1
28/11/2008;06:46;12.593356;12.593356;12.580967;12.580967;15
28/11/2008;06:49;12.574773;12.574773;12.568578;12.568578;2
28/11/2008;06:51;12.580967;12.580967;12.562384;12.562384;5
28/11/2008;06:52;12.574773;12.580967;12.574773;12.580967;13
28/11/2008;06:53;12.574773;12.574773;12.574773;12.574773;2
28/11/2008;06:54;12.580967;12.580967;12.574773;12.574773;9
28/11/2008;06:55;12.574773;12.587161;12.574773;12.587161;2
28/11/2008;06:57;12.580967;12.587161;12.574773;12.574773;5
28/11/2008;06:58;12.574773;12.574773;12.574773;12.574773;1
28/11/2008;06:59;12.574773;12.580967;12.574773;12.580967;3
28/11/2008;07:00;12.574773;12.574773;12.556189;12.556189;7
28/11/2008;07:01;12.568578;12.568578;12.549995;12.549995;5
28/11/2008;07:02;12.549995;12.562384;12.537606;12.562384;3
28/11/2008;07:03;12.537606;12.568578;12.537606;12.562384;22
28/11/2008;07:04;12.562384;12.562384;12.562384;12.562384;11
28/11/2008;07:05;12.562384;12.568578;12.562384;12.568578;2
28/11/2008;07:06;12.574773;12.574773;12.568578;12.568578;3
28/11/2008;07:09;12.593356;12.593356;12.593356;12.593356;2
28/11/2008;07:11;12.574773;12.574773;12.574773;12.574773;5
28/11/2008;07:12;12.574773;12.574773;12.5438;12.562384;20
28/11/2008;07:15;12.562384;12.562384;12.562384;12.562384;2
28/11/2008;07:17;12.562384;12.574773;12.562384;12.574773;5
28/11/2008;07:18;12.574773;12.574773;12.574773;12.574773;4
28/11/2008;07:19;12.587161;12.611939;12.587161;12.611939;24
28/11/2008;07:20;12.611939;12.624328;12.611939;12.624328;12
28/11/2008;07:21;12.624328;12.624328;12.587161;12.587161;9
28/11/2008;07:22;12.59955;12.59955;12.59955;12.59955;1
28/11/2008;07:23;12.593356;12.611939;12.593356;12.611939;10
28/11/2008;07:24;12.611939;12.611939;12.59955;12.611939;10
28/11/2008;07:25;12.59955;12.642912;12.562384;12.630523;86
28/11/2008;07:26;12.624328;12.624328;12.587161;12.587161;34
28/11/2008;07:27;12.59955;12.611939;12.568578;12.574773;24
28/11/2008;07:28;12.568578;12.593356;12.568578;12.593356;28
28/11/2008;07:29;12.587161;12.587161;12.587161;12.587161;1
28/11/2008;07:30;12.587161;12.593356;12.580967;12.580967;3
28/11/2008;07:31;12.580967;12.593356;12.580967;12.593356;2
28/11/2008;07:32;12.593356;12.649106;12.593356;12.649106;28
28/11/2008;07:33;12.649106;12.649106;12.636717;12.636717;12
28/11/2008;07:34;12.642912;12.649106;12.636717;12.649106;3
28/11/2008;07:35;12.611939;12.611939;12.611939;12.611939;5
28/11/2008;07:36;12.587161;12.59955;12.587161;12.59955;9
28/11/2008;07:37;12.59955;12.59955;12.59955;12.59955;11
28/11/2008;07:38;12.587161;12.587161;12.587161;12.587161;1
28/11/2008;07:39;12.605745;12.611939;12.605745;12.611939;3
28/11/2008;07:40;12.611939;12.624328;12.611939;12.624328;9
28/11/2008;07:41;12.618134;12.624328;12.618134;12.624328;5
28/11/2008;07:42;12.59955;12.59955;12.59955;12.59955;1
28/11/2008;07:43;12.618134;12.686273;12.611939;12.624328;93
28/11/2008;07:45;12.611939;12.611939;12.605745;12.605745;2
28/11/2008;07:46;12.618134;12.642912;12.618134;12.642912;3
28/11/2008;07:47;12.636717;12.66769;12.636717;12.66769;23
28/11/2008;07:48;12.649106;12.649106;12.649106;12.649106;2
28/11/2008;07:49;12.649106;12.661495;12.649106;12.649106;10
28/11/2008;07:50;12.642912;12.642912;12.642912;12.642912;8
28/11/2008;07:51;12.642912;12.642912;12.624328;12.624328;8
28/11/2008;07:52;12.624328;12.636717;12.624328;12.636717;2
28/11/2008;07:55;12.618134;12.618134;12.618134;12.618134;1
28/11/2008;07:56;12.624328;12.624328;12.624328;12.624328;5
28/11/2008;07:57;12.630523;12.630523;12.630523;12.630523;1
28/11/2008;07:58;12.636717;12.636717;12.636717;12.636717;6
28/11/2008;07:59;12.636717;12.642912;12.636717;12.642912;13
28/11/2008;08:00;12.649106;12.649106;12.642912;12.649106;8
28/11/2008;08:01;12.649106;12.661495;12.642912;12.642912;29
28/11/2008;08:02;12.636717;12.636717;12.624328;12.624328;12
28/11/2008;08:03;12.624328;12.624328;12.624328;12.624328;5
28/11/2008;08:04;12.618134;12.618134;12.618134;12.618134;1
28/11/2008;08:05;12.636717;12.636717;12.624328;12.636717;13
28/11/2008;08:06;12.636717;12.642912;12.636717;12.642912;6
28/11/2008;08:08;12.630523;12.630523;12.630523;12.630523;1
28/11/2008;08:09;12.630523;12.642912;12.630523;12.642912;10
28/11/2008;08:10;12.642912;12.642912;12.642912;12.642912;2
28/11/2008;08:11;12.630523;12.630523;12.630523;12.630523;1
28/11/2008;08:12;12.630523;12.630523;12.630523;12.630523;1
28/11/2008;08:13;12.630523;12.636717;12.630523;12.636717;24
28/11/2008;08:14;12.636717;12.636717;12.630523;12.630523;6
28/11/2008;08:15;12.636717;12.636717;12.636717;12.636717;2
28/11/2008;08:16;12.636717;12.636717;12.630523;12.630523;7
28/11/2008;08:17;12.624328;12.630523;12.624328;12.630523;7
28/11/2008;08:18;12.624328;12.624328;12.624328;12.624328;3
28/11/2008;08:19;12.636717;12.636717;12.624328;12.624328;3
28/11/2008;08:20;12.630523;12.630523;12.624328;12.624328;2
28/11/2008;08:22;12.630523;12.655301;12.630523;12.649106;9
28/11/2008;08:23;12.649106;12.649106;12.649106;12.649106;1
28/11/2008;08:24;12.636717;12.636717;12.636717;12.636717;1
28/11/2008;08:25;12.642912;12.642912;12.642912;12.642912;1
28/11/2008;08:26;12.630523;12.630523;12.630523;12.630523;5
28/11/2008;08:27;12.630523;12.636717;12.630523;12.636717;3
28/11/2008;08:28;12.630523;12.630523;12.630523;12.630523;2
28/11/2008;08:29;12.642912;12.673884;12.642912;12.673884;14
28/11/2008;08:30;12.673884;12.711051;12.673884;12.711051;23
28/11/2008;08:31;12.711051;12.711051;12.692467;12.692467;11
28/11/2008;08:32;12.686273;12.692467;12.680079;12.686273;14
28/11/2008;08:33;12.698662;12.698662;12.686273;12.692467;25
28/11/2008;08:34;12.698662;12.698662;12.698662;12.698662;2
28/11/2008;08:35;12.692467;12.692467;12.686273;12.686273;9
28/11/2008;08:36;12.686273;12.735829;12.686273;12.72344;37
28/11/2008;08:37;12.729634;12.735829;12.704856;12.729634;50
28/11/2008;08:38;12.729634;12.742023;12.692467;12.72344;45
28/11/2008;08:39;12.735829;12.872107;12.735829;12.816357;204
28/11/2008;08:40;12.797773;12.83494;12.791579;12.803968;26
28/11/2008;08:41;12.797773;12.803968;12.772996;12.791579;44
28/11/2008;08:42;12.77919;12.810162;12.77919;12.810162;18
28/11/2008;08:43;12.816357;12.816357;12.791579;12.797773;26
28/11/2008;08:44;12.797773;12.810162;12.772996;12.797773;43
28/11/2008;08:45;12.797773;12.803968;12.77919;12.785385;18
28/11/2008;08:46;12.77919;12.785385;12.766801;12.766801;22
28/11/2008;08:47;12.766801;12.785385;12.72344;12.72344;28
28/11/2008;08:48;12.72344;12.772996;12.711051;12.772996;33
28/11/2008;08:49;12.766801;12.766801;12.742023;12.748218;15
28/11/2008;08:50;12.754412;12.754412;12.735829;12.735829;12
28/11/2008;08:51;12.735829;12.742023;12.72344;12.72344;23
28/11/2008;08:52;12.717245;12.735829;12.717245;12.735829;17
28/11/2008;08:53;12.729634;12.735829;12.72344;12.735829;10
28/11/2008;08:54;12.729634;12.729634;12.711051;12.711051;33
28/11/2008;08:55;12.711051;12.72344;12.711051;12.717245;13
28/11/2008;08:56;12.72344;12.72344;12.698662;12.698662;28
28/11/2008;08:57;12.704856;12.717245;12.698662;12.711051;37
28/11/2008;08:58;12.698662;12.698662;12.692467;12.692467;8
28/11/2008;08:59;12.680079;12.680079;12.66769;12.673884;18
28/11/2008;09:00;12.66769;12.66769;12.649106;12.655301;17
28/11/2008;09:01;12.655301;12.655301;12.642912;12.655301;66
28/11/2008;09:02;12.649106;12.655301;12.649106;12.649106;17
28/11/2008;09:03;12.642912;12.649106;12.642912;12.642912;10
28/11/2008;09:04;12.642912;12.649106;12.630523;12.642912;26
28/11/2008;09:05;12.630523;12.630523;12.611939;12.618134;25
28/11/2008;09:06;12.611939;12.624328;12.611939;12.624328;11
28/11/2008;09:07;12.618134;12.661495;12.605745;12.661495;28
28/11/2008;09:08;12.642912;12.661495;12.636717;12.655301;33
28/11/2008;09:09;12.642912;12.655301;12.636717;12.642912;17
28/11/2008;09:10;12.649106;12.655301;12.636717;12.642912;8
28/11/2008;09:11;12.636717;12.655301;12.636717;12.636717;3
28/11/2008;09:12;12.636717;12.642912;12.624328;12.642912;11
28/11/2008;09:13;12.636717;12.66769;12.636717;12.66769;69
28/11/2008;09:14;12.673884;12.680079;12.661495;12.661495;8
28/11/2008;09:15;12.655301;12.66769;12.655301;12.661495;3
28/11/2008;09:16;12.661495;12.66769;12.655301;12.66769;5
28/11/2008;09:17;12.673884;12.673884;12.673884;12.673884;1
28/11/2008;09:18;12.655301;12.661495;12.655301;12.661495;2
28/11/2008;09:19;12.661495;12.661495;12.655301;12.655301;3
28/11/2008;09:20;12.66769;12.673884;12.66769;12.673884;16
28/11/2008;09:21;12.673884;12.680079;12.673884;12.680079;7
28/11/2008;09:22;12.680079;12.686273;12.680079;12.680079;5
28/11/2008;09:23;12.680079;12.680079;12.66769;12.673884;3
28/11/2008;09:24;12.673884;12.673884;12.66769;12.66769;2
28/11/2008;09:25;12.673884;12.673884;12.661495;12.66769;8
28/11/2008;09:26;12.655301;12.655301;12.655301;12.655301;2
28/11/2008;09:27;12.649106;12.655301;12.649106;12.655301;9
28/11/2008;09:28;12.649106;12.673884;12.649106;12.673884;4
28/11/2008;09:29;12.655301;12.655301;12.655301;12.655301;1
28/11/2008;09:30;12.636717;12.636717;12.611939;12.624328;18
28/11/2008;09:31;12.605745;12.605745;12.580967;12.593356;35
28/11/2008;09:32;12.593356;12.624328;12.593356;12.624328;12
28/11/2008;09:33;12.630523;12.642912;12.630523;12.642912;7
28/11/2008;09:34;12.661495;12.661495;12.661495;12.661495;1
28/11/2008;09:35;12.655301;12.655301;12.655301;12.655301;1
28/11/2008;09:36;12.655301;12.661495;12.655301;12.655301;8
28/11/2008;09:37;12.661495;12.66769;12.661495;12.661495;5
28/11/2008;09:38;12.661495;12.680079;12.661495;12.680079;12
28/11/2008;09:39;12.686273;12.692467;12.661495;12.661495;22
28/11/2008;09:40;12.649106;12.655301;12.649106;12.655301;3
28/11/2008;09:41;12.649106;12.661495;12.636717;12.661495;4
28/11/2008;09:42;12.661495;12.661495;12.655301;12.661495;4
28/11/2008;09:43;12.661495;12.661495;12.661495;12.661495;1
28/11/2008;09:44;12.66769;12.66769;12.66769;12.66769;3
28/11/2008;09:45;12.661495;12.661495;12.661495;12.661495;3
28/11/2008;09:46;12.673884;12.673884;12.673884;12.673884;6
28/11/2008;09:47;12.673884;12.680079;12.673884;12.680079;4
28/11/2008;09:48;12.686273;12.686273;12.686273;12.686273;2
28/11/2008;09:49;12.686273;12.686273;12.686273;12.686273;2
28/11/2008;09:52;12.692467;12.698662;12.692467;12.692467;11
28/11/2008;09:53;12.698662;12.698662;12.692467;12.692467;8
28/11/2008;09:54;12.680079;12.692467;12.680079;12.692467;6
28/11/2008;09:55;12.686273;12.686273;12.686273;12.686273;3
28/11/2008;09:56;12.686273;12.686273;12.680079;12.680079;3
28/11/2008;09:57;12.692467;12.692467;12.673884;12.692467;7
28/11/2008;09:59;12.680079;12.680079;12.661495;12.66769;18
28/11/2008;10:00;12.661495;12.673884;12.661495;12.661495;10
28/11/2008;10:02;12.649106;12.649106;12.636717;12.649106;13
28/11/2008;10:03;12.655301;12.661495;12.655301;12.661495;2
28/11/2008;10:04;12.66769;12.66769;12.661495;12.661495;6
28/11/2008;10:05;12.649106;12.649106;12.611939;12.611939;38
28/11/2008;10:06;12.630523;12.630523;12.624328;12.624328;4
28/11/2008;10:07;12.624328;12.624328;12.624328;12.624328;2
28/11/2008;10:08;12.618134;12.624328;12.618134;12.618134;3
28/11/2008;10:09;12.611939;12.611939;12.59955;12.605745;13
28/11/2008;10:10;12.59955;12.611939;12.59955;12.611939;37
28/11/2008;10:11;12.59955;12.630523;12.59955;12.624328;39
28/11/2008;10:12;12.618134;12.618134;12.605745;12.605745;10
28/11/2008;10:13;12.59955;12.611939;12.59955;12.611939;2
28/11/2008;10:14;12.59955;12.59955;12.59955;12.59955;2
28/11/2008;10:15;12.605745;12.605745;12.59955;12.59955;2
28/11/2008;10:16;12.59955;12.611939;12.593356;12.59955;6
28/11/2008;10:17;12.59955;12.59955;12.587161;12.587161;14
28/11/2008;10:18;12.59955;12.59955;12.587161;12.587161;4
28/11/2008;10:19;12.605745;12.605745;12.605745;12.605745;1
28/11/2008;10:20;12.59955;12.605745;12.59955;12.605745;6
28/11/2008;10:21;12.605745;12.611939;12.605745;12.605745;4
28/11/2008;10:22;12.618134;12.618134;12.618134;12.618134;1
28/11/2008;10:23;12.618134;12.624328;12.618134;12.624328;8
28/11/2008;10:24;12.611939;12.624328;12.611939;12.624328;32
28/11/2008;10:25;12.611939;12.618134;12.605745;12.611939;10
28/11/2008;10:26;12.605745;12.605745;12.605745;12.605745;3
28/11/2008;10:27;12.618134;12.618134;12.618134;12.618134;2
28/11/2008;10:28;12.605745;12.605745;12.605745;12.605745;6
28/11/2008;10:29;12.59955;12.611939;12.59955;12.611939;21
28/11/2008;10:30;12.618134;12.630523;12.618134;12.630523;29
28/11/2008;10:31;12.624328;12.624328;12.624328;12.624328;3
28/11/2008;10:32;12.618134;12.618134;12.611939;12.618134;14
28/11/2008;10:33;12.624328;12.624328;12.624328;12.624328;2
28/11/2008;10:35;12.611939;12.611939;12.611939;12.611939;1
28/11/2008;10:37;12.611939;12.611939;12.611939;12.611939;2
28/11/2008;10:39;12.59955;12.611939;12.59955;12.59955;8
28/11/2008;10:40;12.59955;12.605745;12.593356;12.605745;5
28/11/2008;10:41;12.618134;12.624328;12.611939;12.624328;16
28/11/2008;10:42;12.624328;12.630523;12.624328;12.630523;64
28/11/2008;10:43;12.630523;12.636717;12.605745;12.630523;13
28/11/2008;10:44;12.605745;12.605745;12.605745;12.605745;1
28/11/2008;10:46;12.624328;12.624328;12.618134;12.618134;6
28/11/2008;10:47;12.630523;12.636717;12.624328;12.636717;24
28/11/2008;10:48;12.636717;12.642912;12.630523;12.642912;21
28/11/2008;10:49;12.636717;12.636717;12.630523;12.630523;2
28/11/2008;10:50;12.630523;12.642912;12.624328;12.636717;4
28/11/2008;10:51;12.636717;12.636717;12.630523;12.636717;24
28/11/2008;10:52;12.636717;12.636717;12.624328;12.630523;13
28/11/2008;10:53;12.624328;12.624328;12.624328;12.624328;2
28/11/2008;10:54;12.636717;12.636717;12.636717;12.636717;6
28/11/2008;10:55;12.636717;12.636717;12.630523;12.630523;6
28/11/2008;10:56;12.642912;12.642912;12.636717;12.642912;3
28/11/2008;10:57;12.642912;12.655301;12.642912;12.655301;12
28/11/2008;10:58;12.649106;12.649106;12.642912;12.642912;10
28/11/2008;10:59;12.649106;12.655301;12.649106;12.655301;13
28/11/2008;11:00;12.661495;12.673884;12.661495;12.66769;27
28/11/2008;11:01;12.661495;12.661495;12.661495;12.661495;1
28/11/2008;11:02;12.661495;12.661495;12.661495;12.661495;1
28/11/2008;11:03;12.661495;12.661495;12.661495;12.661495;1
28/11/2008;11:04;12.66769;12.66769;12.66769;12.66769;5
28/11/2008;11:05;12.66769;12.66769;12.661495;12.661495;11
28/11/2008;11:06;12.661495;12.661495;12.655301;12.661495;16
28/11/2008;11:08;12.661495;12.661495;12.661495;12.661495;1
28/11/2008;11:09;12.655301;12.655301;12.655301;12.655301;5
28/11/2008;11:10;12.649106;12.649106;12.649106;12.649106;17
28/11/2008;11:11;12.661495;12.661495;12.642912;12.642912;11
28/11/2008;11:12;12.649106;12.649106;12.649106;12.649106;5
28/11/2008;11:13;12.661495;12.661495;12.649106;12.655301;7
28/11/2008;11:14;12.649106;12.649106;12.649106;12.649106;1
28/11/2008;11:15;12.649106;12.649106;12.642912;12.642912;15
28/11/2008;11:16;12.624328;12.624328;12.611939;12.624328;13
28/11/2008;11:18;12.618134;12.618134;12.618134;12.618134;7
28/11/2008;11:19;12.618134;12.618134;12.59955;12.59955;26
28/11/2008;11:20;12.605745;12.605745;12.593356;12.59955;29
28/11/2008;11:21;12.59955;12.655301;12.59955;12.655301;42
28/11/2008;11:22;12.661495;12.66769;12.649106;12.649106;24
28/11/2008;11:23;12.661495;12.66769;12.642912;12.642912;51
28/11/2008;11:24;12.642912;12.754412;12.642912;12.748218;426
28/11/2008;11:25;12.748218;12.748218;12.711051;12.717245;35
28/11/2008;11:26;12.717245;12.735829;12.717245;12.735829;17
28/11/2008;11:27;12.72344;12.735829;12.72344;12.735829;12
28/11/2008;11:28;12.735829;12.760607;12.735829;12.760607;61
28/11/2008;11:29;12.766801;12.785385;12.742023;12.785385;23
28/11/2008;11:30;12.766801;12.772996;12.729634;12.748218;44
28/11/2008;11:31;12.748218;12.754412;12.729634;12.735829;6
28/11/2008;11:32;12.760607;12.803968;12.760607;12.803968;35
28/11/2008;11:33;12.766801;12.772996;12.742023;12.772996;39
28/11/2008;11:34;12.772996;12.772996;12.760607;12.760607;7
28/11/2008;11:35;12.772996;12.772996;12.754412;12.760607;9
28/11/2008;11:36;12.748218;12.748218;12.748218;12.748218;5
28/11/2008;11:37;12.760607;12.760607;12.748218;12.748218;4
28/11/2008;11:38;12.760607;12.760607;12.760607;12.760607;2
28/11/2008;11:39;12.754412;12.754412;12.754412;12.754412;1
28/11/2008;11:41;12.760607;12.760607;12.748218;12.748218;12
28/11/2008;11:42;12.72344;12.760607;12.72344;12.742023;10
28/11/2008;11:43;12.754412;12.754412;12.735829;12.735829;7
28/11/2008;11:44;12.735829;12.735829;12.735829;12.735829;1
28/11/2008;11:45;12.735829;12.735829;12.735829;12.735829;1
28/11/2008;11:46;12.72344;12.72344;12.72344;12.72344;1
28/11/2008;11:48;12.754412;12.754412;12.754412;12.754412;1
28/11/2008;11:49;12.735829;12.735829;12.735829;12.735829;1
28/11/2008;11:50;12.729634;12.735829;12.72344;12.735829;8
28/11/2008;11:52;12.760607;12.760607;12.760607;12.760607;2
28/11/2008;11:53;12.754412;12.754412;12.754412;12.754412;1
28/11/2008;11:54;12.760607;12.760607;12.760607;12.760607;1
28/11/2008;11:55;12.748218;12.766801;12.748218;12.766801;14
28/11/2008;11:58;12.77919;12.77919;12.748218;12.748218;17
28/11/2008;11:59;12.748218;12.748218;12.748218;12.748218;5
28/11/2008;12:00;12.772996;12.791579;12.772996;12.772996;8
28/11/2008;12:01;12.742023;12.742023;12.742023;12.742023;3
28/11/2008;12:02;12.77919;12.785385;12.77919;12.785385;4
28/11/2008;12:03;12.785385;12.810162;12.785385;12.810162;18
28/11/2008;12:04;12.803968;12.810162;12.803968;12.810162;11
28/11/2008;12:05;12.785385;12.785385;12.785385;12.785385;1
28/11/2008;12:06;12.785385;12.785385;12.760607;12.760607;5
28/11/2008;12:10;12.77919;12.77919;12.760607;12.760607;6
28/11/2008;12:11;12.760607;12.760607;12.760607;12.760607;1
28/11/2008;12:12;12.772996;12.77919;12.772996;12.77919;10
28/11/2008;12:13;12.77919;12.785385;12.77919;12.785385;5
28/11/2008;12:14;12.791579;12.797773;12.785385;12.785385;4
28/11/2008;12:15;12.785385;12.785385;12.785385;12.785385;2
28/11/2008;12:16;12.772996;12.785385;12.772996;12.772996;6
28/11/2008;12:17;12.772996;12.772996;12.760607;12.760607;3
28/11/2008;12:21;12.760607;12.760607;12.748218;12.748218;2
28/11/2008;12:22;12.748218;12.754412;12.748218;12.754412;7
28/11/2008;12:23;12.754412;12.754412;12.754412;12.754412;1
28/11/2008;12:24;12.754412;12.77919;12.754412;12.77919;12
28/11/2008;12:26;12.797773;12.797773;12.797773;12.797773;1
28/11/2008;12:28;12.797773;12.810162;12.797773;12.810162;6
28/11/2008;12:29;12.816357;12.822551;12.816357;12.822551;11
28/11/2008;12:30;12.828746;12.828746;12.828746;12.828746;2
28/11/2008;12:31;12.822551;12.822551;12.822551;12.822551;2
28/11/2008;12:32;12.816357;12.822551;12.816357;12.822551;3
28/11/2008;12:38;12.816357;12.816357;12.816357;12.816357;1
28/11/2008;12:40;12.785385;12.785385;12.785385;12.785385;2
28/11/2008;12:42;12.791579;12.791579;12.791579;12.791579;1
28/11/2008;12:48;12.810162;12.810162;12.810162;12.810162;9
28/11/2008;12:53;12.797773;12.797773;12.797773;12.797773;1
28/11/2008;12:54;12.797773;12.797773;12.797773;12.797773;1
28/11/2008;13:02;12.791579;12.791579;12.791579;12.791579;1
28/11/2008;13:04;12.791579;12.791579;12.791579;12.791579;1
28/11/2008;13:05;12.791579;12.791579;12.791579;12.791579;2
28/11/2008;13:06;12.791579;12.791579;12.791579;12.791579;1
28/11/2008;13:11;12.77919;12.77919;12.72344;12.748218;6
28/11/2008;13:12;12.748218;12.748218;12.748218;12.748218;1
28/11/2008;13:13;12.735829;12.735829;12.735829;12.735829;4
28/11/2008;13:14;12.742023;12.742023;12.742023;12.742023;1
28/11/2008;13:20;12.760607;12.760607;12.760607;12.760607;1
28/11/2008;13:31;12.760607;12.760607;12.760607;12.760607;1
28/11/2008;13:33;12.772996;12.772996;12.772996;12.772996;1
28/11/2008;13:43;12.735829;12.735829;12.735829;12.735829;1
28/11/2008;13:54;12.748218;12.748218;12.748218;12.748218;5
28/11/2008;13:57;12.772996;12.772996;12.772996;12.772996;1
28/11/2008;13:58;12.77919;12.77919;12.77919;12.77919;1
28/11/2008;14:11;12.77919;12.77919;12.77919;12.77919;1
28/11/2008;14:12;12.772996;12.772996;12.760607;12.760607;2
28/11/2008;14:15;12.760607;12.760607;12.760607;12.760607;1
28/11/2008;14:24;12.748218;12.785385;12.748218;12.785385;3
28/11/2008;14:45;12.785385;12.785385;12.785385;12.785385;3
28/11/2008;14:50;12.760607;12.760607;12.760607;12.760607;1
28/11/2008;14:59;12.72344;12.72344;12.72344;12.72344;1
28/11/2008;15:46;12.760607;12.785385;12.760607;12.785385;5
28/11/2008;15:54;12.791579;12.797773;12.791579;12.797773;2
28/11/2008;16:10;12.791579;12.83494;12.791579;12.83494;25
30/11/2008;17:00;12.77919;12.77919;12.742023;12.766801;3
30/11/2008;17:01;12.772996;12.77919;12.772996;12.77919;3
30/11/2008;17:02;12.785385;12.785385;12.785385;12.785385;1
30/11/2008;17:03;12.772996;12.785385;12.772996;12.785385;7
30/11/2008;17:04;12.742023;12.742023;12.742023;12.742023;1
30/11/2008;17:05;12.772996;12.772996;12.772996;12.772996;1
30/11/2008;17:11;12.735829;12.735829;12.72344;12.72344;8
30/11/2008;17:12;12.717245;12.717245;12.717245;12.717245;1
30/11/2008;17:15;12.72344;12.72344;12.72344;12.72344;5
30/11/2008;17:16;12.729634;12.729634;12.729634;12.729634;1
30/11/2008;17:17;12.742023;12.742023;12.742023;12.742023;1
30/11/2008;17:18;12.735829;12.742023;12.735829;12.735829;7
30/11/2008;17:19;12.742023;12.742023;12.742023;12.742023;1
30/11/2008;17:20;12.735829;12.742023;12.735829;12.742023;2
30/11/2008;17:25;12.748218;12.748218;12.748218;12.748218;1
30/11/2008;17:32;12.748218;12.748218;12.748218;12.748218;3
30/11/2008;17:35;12.766801;12.766801;12.766801;12.766801;2
30/11/2008;17:40;12.748218;12.748218;12.748218;12.748218;4
30/11/2008;17:43;12.735829;12.735829;12.735829;12.735829;1
30/11/2008;17:48;12.729634;12.729634;12.711051;12.711051;2
30/11/2008;17:49;12.711051;12.711051;12.711051;12.711051;1
30/11/2008;18:02;12.72344;12.72344;12.72344;12.72344;1
30/11/2008;18:05;12.704856;12.704856;12.704856;12.704856;1
30/11/2008;18:10;12.698662;12.711051;12.698662;12.711051;2
30/11/2008;18:15;12.711051;12.729634;12.711051;12.729634;39
30/11/2008;18:17;12.698662;12.698662;12.692467;12.692467;2
30/11/2008;18:18;12.686273;12.692467;12.661495;12.692467;24
30/11/2008;18:19;12.692467;12.692467;12.673884;12.673884;13
30/11/2008;18:25;12.698662;12.698662;12.698662;12.698662;3
30/11/2008;18:27;12.698662;12.698662;12.698662;12.698662;1
30/11/2008;18:28;12.704856;12.704856;12.704856;12.704856;1
30/11/2008;18:34;12.698662;12.698662;12.698662;12.698662;1
30/11/2008;18:37;12.698662;12.698662;12.698662;12.698662;4
30/11/2008;18:39;12.704856;12.704856;12.704856;12.704856;1
30/11/2008;18:40;12.704856;12.704856;12.704856;12.704856;2
30/11/2008;18:41;12.698662;12.698662;12.698662;12.698662;10
30/11/2008;18:43;12.704856;12.704856;12.704856;12.704856;2
30/11/2008;18:45;12.704856;12.704856;12.704856;12.704856;1
30/11/2008;18:46;12.704856;12.704856;12.704856;12.704856;1
30/11/2008;18:50;12.711051;12.711051;12.711051;12.711051;3
30/11/2008;18:57;12.704856;12.704856;12.704856;12.704856;1
30/11/2008;19:05;12.704856;12.704856;12.704856;12.704856;1
30/11/2008;19:06;12.704856;12.704856;12.704856;12.704856;1
30/11/2008;19:11;12.704856;12.704856;12.698662;12.698662;2
30/11/2008;19:15;12.704856;12.704856;12.704856;12.704856;2
30/11/2008;19:19;12.698662;12.698662;12.698662;12.698662;3
30/11/2008;19:23;12.698662;12.698662;12.686273;12.692467;7
30/11/2008;19:26;12.686273;12.686273;12.66769;12.66769;16
30/11/2008;19:27;12.66769;12.66769;12.66769;12.66769;4
30/11/2008;19:29;12.673884;12.673884;12.673884;12.673884;2
30/11/2008;19:30;12.673884;12.673884;12.673884;12.673884;5
30/11/2008;19:31;12.66769;12.66769;12.649106;12.649106;10
30/11/2008;19:32;12.642912;12.642912;12.642912;12.642912;1
30/11/2008;19:34;12.661495;12.661495;12.661495;12.661495;2
30/11/2008;19:35;12.661495;12.661495;12.661495;12.661495;8
30/11/2008;19:36;12.673884;12.673884;12.673884;12.673884;5
30/11/2008;19:41;12.66769;12.66769;12.66769;12.66769;1
30/11/2008;19:43;12.655301;12.655301;12.655301;12.655301;2
30/11/2008;19:50;12.661495;12.661495;12.661495;12.661495;1
30/11/2008;19:52;12.649106;12.649106;12.649106;12.649106;1
30/11/2008;19:54;12.673884;12.673884;12.673884;12.673884;2
30/11/2008;19:56;12.649106;12.673884;12.649106;12.649106;4
30/11/2008;19:57;12.636717;12.636717;12.630523;12.630523;4
30/11/2008;19:58;12.636717;12.636717;12.636717;12.636717;2
30/11/2008;20:00;12.649106;12.649106;12.649106;12.649106;1
30/11/2008;20:02;12.636717;12.636717;12.636717;12.636717;6
30/11/2008;20:04;12.630523;12.630523;12.630523;12.630523;2
30/11/2008;20:05;12.624328;12.624328;12.624328;12.624328;3
30/11/2008;20:06;12.649106;12.661495;12.649106;12.661495;5
30/11/2008;20:15;12.686273;12.686273;12.686273;12.686273;4
30/11/2008;20:17;12.661495;12.661495;12.661495;12.661495;1
30/11/2008;20:28;12.686273;12.686273;12.686273;12.686273;1
30/11/2008;20:29;12.686273;12.686273;12.686273;12.686273;5
30/11/2008;20:30;12.692467;12.692467;12.692467;12.692467;1
30/11/2008;20:31;12.661495;12.661495;12.661495;12.661495;6
30/11/2008;20:33;12.661495;12.661495;12.661495;12.661495;1
30/11/2008;20:34;12.655301;12.655301;12.649106;12.649106;2
30/11/2008;20:36;12.661495;12.661495;12.661495;12.661495;2
30/11/2008;20:38;12.661495;12.661495;12.661495;12.661495;1
30/11/2008;20:40;12.661495;12.661495;12.661495;12.661495;2
30/11/2008;20:41;12.673884;12.673884;12.673884;12.673884;1
30/11/2008;20:42;12.673884;12.673884;12.673884;12.673884;1
30/11/2008;20:43;12.673884;12.673884;12.673884;12.673884;1
30/11/2008;20:48;12.661495;12.661495;12.661495;12.661495;1
30/11/2008;20:58;12.661495;12.661495;12.661495;12.661495;1
30/11/2008;21:18;12.680079;12.704856;12.680079;12.704856;15
30/11/2008;21:19;12.698662;12.698662;12.698662;12.698662;4
30/11/2008;21:20;12.698662;12.698662;12.698662;12.698662;1
30/11/2008;21:22;12.704856;12.704856;12.704856;12.704856;1
30/11/2008;21:23;12.686273;12.686273;12.680079;12.680079;2
30/11/2008;21:25;12.686273;12.686273;12.686273;12.686273;3
30/11/2008;21:31;12.686273;12.686273;12.686273;12.686273;6
30/11/2008;21:35;12.692467;12.698662;12.692467;12.698662;2
30/11/2008;21:37;12.686273;12.686273;12.686273;12.686273;1
30/11/2008;21:39;12.692467;12.692467;12.686273;12.686273;4
30/11/2008;21:41;12.686273;12.686273;12.686273;12.686273;1
30/11/2008;21:51;12.686273;12.686273;12.686273;12.686273;1
30/11/2008;22:13;12.698662;12.698662;12.698662;12.698662;1
30/11/2008;22:15;12.686273;12.686273;12.686273;12.686273;2
30/11/2008;22:21;12.686273;12.686273;12.673884;12.673884;4
30/11/2008;22:22;12.698662;12.698662;12.692467;12.692467;15
30/11/2008;22:23;12.686273;12.686273;12.661495;12.661495;6
30/11/2008;22:32;12.66769;12.66769;12.66769;12.66769;1
30/11/2008;22:33;12.661495;12.661495;12.661495;12.661495;4
30/11/2008;22:35;12.661495;12.661495;12.661495;12.661495;1
30/11/2008;22:36;12.661495;12.661495;12.661495;12.661495;3
30/11/2008;22:37;12.661495;12.661495;12.661495;12.661495;2
30/11/2008;22:38;12.661495;12.661495;12.661495;12.661495;1
30/11/2008;22:39;12.661495;12.66769;12.661495;12.66769;2
30/11/2008;22:40;12.66769;12.66769;12.66769;12.66769;1
30/11/2008;22:42;12.66769;12.66769;12.649106;12.649106;5
30/11/2008;22:43;12.661495;12.661495;12.661495;12.661495;2
30/11/2008;22:45;12.642912;12.642912;12.642912;12.642912;1
30/11/2008;22:47;12.636717;12.636717;12.636717;12.636717;3
30/11/2008;22:48;12.630523;12.630523;12.630523;12.630523;1
30/11/2008;22:49;12.642912;12.642912;12.642912;12.642912;1
30/11/2008;22:53;12.661495;12.686273;12.649106;12.649106;4
30/11/2008;22:54;12.661495;12.680079;12.636717;12.673884;13
30/11/2008;22:55;12.642912;12.642912;12.642912;12.642912;1
30/11/2008;23:03;12.661495;12.661495;12.661495;12.661495;1
30/11/2008;23:04;12.66769;12.66769;12.66769;12.66769;1
30/11/2008;23:08;12.661495;12.661495;12.655301;12.655301;4
30/11/2008;23:12;12.636717;12.642912;12.636717;12.636717;3
30/11/2008;23:16;12.630523;12.630523;12.624328;12.624328;9
30/11/2008;23:19;12.636717;12.636717;12.636717;12.636717;1
30/11/2008;23:23;12.636717;12.636717;12.636717;12.636717;2
30/11/2008;23:24;12.630523;12.630523;12.624328;12.624328;3
30/11/2008;23:25;12.624328;12.624328;12.624328;12.624328;2
30/11/2008;23:26;12.66769;12.66769;12.624328;12.630523;16
30/11/2008;23:27;12.655301;12.655301;12.655301;12.655301;2
30/11/2008;23:28;12.642912;12.642912;12.642912;12.642912;1
30/11/2008;23:30;12.642912;12.642912;12.642912;12.642912;1
30/11/2008;23:33;12.630523;12.630523;12.624328;12.624328;5
30/11/2008;23:34;12.624328;12.624328;12.624328;12.624328;2
30/11/2008;23:42;12.636717;12.636717;12.636717;12.636717;1
30/11/2008;23:46;12.636717;12.636717;12.636717;12.636717;1
30/11/2008;23:47;12.636717;12.636717;12.636717;12.636717;1
30/11/2008;23:48;12.642912;12.642912;12.642912;12.642912;1
30/11/2008;23:54;12.655301;12.655301;12.655301;12.655301;1
30/11/2008;23:55;12.655301;12.655301;12.655301;12.655301;1
